table,row_key,column,v1_1_value,gold_v2_value,note
per_case_outcomes.csv,exp_id=e0_judge_iso|run_id=e0_judge_iso_20260914T120557Z|prompt_version=v1|repeat_idx=0|case_id=case-015,expected_category,account,technical,
per_case_outcomes.csv,exp_id=e0_judge_iso|run_id=e0_judge_iso_20260914T120557Z|prompt_version=v1|repeat_idx=0|case_id=case-020,expected_category,general,billing,
per_case_outcomes.csv,exp_id=e0_judge_iso|run_id=e0_judge_iso_20260914T120557Z|prompt_version=v1|repeat_idx=0|case_id=case-021,expected_category,billing,general,
per_case_outcomes.csv,exp_id=e0_judge_iso|run_id=e0_judge_iso_20260914T120557Z|prompt_version=v1|repeat_idx=0|case_id=case-051,expected_category,general,billing,
per_case_outcomes.csv,exp_id=e0_judge_iso|run_id=e0_judge_iso_20260914T120557Z|prompt_version=v1|repeat_idx=0|case_id=case-054,expected_category,account,technical,
per_case_outcomes.csv,exp_id=e0_judge_iso|run_id=e0_judge_iso_20260914T120557Z|prompt_version=v1|repeat_idx=1|case_id=case-015,expected_category,account,technical,
per_case_outcomes.csv,exp_id=e0_judge_iso|run_id=e0_judge_iso_20260914T120557Z|prompt_version=v1|repeat_idx=1|case_id=case-020,expected_category,general,billing,
per_case_outcomes.csv,exp_id=e0_judge_iso|run_id=e0_judge_iso_20260914T120557Z|prompt_version=v1|repeat_idx=1|case_id=case-021,expected_category,billing,general,
per_case_outcomes.csv,exp_id=e0_judge_iso|run_id=e0_judge_iso_20260914T120557Z|prompt_version=v1|repeat_idx=1|case_id=case-051,expected_category,general,billing,
per_case_outcomes.csv,exp_id=e0_judge_iso|run_id=e0_judge_iso_20260914T120557Z|prompt_version=v1|repeat_idx=1|case_id=case-054,expected_category,account,technical,
per_case_outcomes.csv,exp_id=e0_judge_iso|run_id=e0_judge_iso_20260914T120557Z|prompt_version=v1|repeat_idx=2|case_id=case-015,expected_category,account,technical,
per_case_outcomes.csv,exp_id=e0_judge_iso|run_id=e0_judge_iso_20260914T120557Z|prompt_version=v1|repeat_idx=2|case_id=case-020,expected_category,general,billing,
per_case_outcomes.csv,exp_id=e0_judge_iso|run_id=e0_judge_iso_20260914T120557Z|prompt_version=v1|repeat_idx=2|case_id=case-021,expected_category,billing,general,
per_case_outcomes.csv,exp_id=e0_judge_iso|run_id=e0_judge_iso_20260914T120557Z|prompt_version=v1|repeat_idx=2|case_id=case-051,expected_category,general,billing,
per_case_outcomes.csv,exp_id=e0_judge_iso|run_id=e0_judge_iso_20260914T120557Z|prompt_version=v1|repeat_idx=2|case_id=case-054,expected_category,account,technical,
per_case_outcomes.csv,exp_id=e0_judge_iso|run_id=e0_judge_iso_20260914T120557Z|prompt_version=v1|repeat_idx=3|case_id=case-015,expected_category,account,technical,
per_case_outcomes.csv,exp_id=e0_judge_iso|run_id=e0_judge_iso_20260914T120557Z|prompt_version=v1|repeat_idx=3|case_id=case-020,expected_category,general,billing,
per_case_outcomes.csv,exp_id=e0_judge_iso|run_id=e0_judge_iso_20260914T120557Z|prompt_version=v1|repeat_idx=3|case_id=case-021,expected_category,billing,general,
per_case_outcomes.csv,exp_id=e0_judge_iso|run_id=e0_judge_iso_20260914T120557Z|prompt_version=v1|repeat_idx=3|case_id=case-051,expected_category,general,billing,
per_case_outcomes.csv,exp_id=e0_judge_iso|run_id=e0_judge_iso_20260914T120557Z|prompt_version=v1|repeat_idx=3|case_id=case-054,expected_category,account,technical,
per_case_outcomes.csv,exp_id=e0_noise|run_id=e0_noise_20260914T115913Z|prompt_version=v1|repeat_idx=0|case_id=case-015,expected_category,account,technical,
per_case_outcomes.csv,exp_id=e0_noise|run_id=e0_noise_20260914T115913Z|prompt_version=v1|repeat_idx=0|case_id=case-015,category_match,1,0,
per_case_outcomes.csv,exp_id=e0_noise|run_id=e0_noise_20260914T115913Z|prompt_version=v1|repeat_idx=0|case_id=case-015,passed,1,0,
per_case_outcomes.csv,exp_id=e0_noise|run_id=e0_noise_20260914T115913Z|prompt_version=v1|repeat_idx=0|case_id=case-020,expected_category,general,billing,
per_case_outcomes.csv,exp_id=e0_noise|run_id=e0_noise_20260914T115913Z|prompt_version=v1|repeat_idx=0|case_id=case-020,category_match,0,1,
per_case_outcomes.csv,exp_id=e0_noise|run_id=e0_noise_20260914T115913Z|prompt_version=v1|repeat_idx=0|case_id=case-020,passed,0,1,
per_case_outcomes.csv,exp_id=e0_noise|run_id=e0_noise_20260914T115913Z|prompt_version=v1|repeat_idx=0|case_id=case-021,expected_category,billing,general,
per_case_outcomes.csv,exp_id=e0_noise|run_id=e0_noise_20260914T115913Z|prompt_version=v1|repeat_idx=0|case_id=case-021,category_match,1,0,
per_case_outcomes.csv,exp_id=e0_noise|run_id=e0_noise_20260914T115913Z|prompt_version=v1|repeat_idx=0|case_id=case-021,passed,1,0,
per_case_outcomes.csv,exp_id=e0_noise|run_id=e0_noise_20260914T115913Z|prompt_version=v1|repeat_idx=0|case_id=case-051,expected_category,general,billing,
per_case_outcomes.csv,exp_id=e0_noise|run_id=e0_noise_20260914T115913Z|prompt_version=v1|repeat_idx=0|case_id=case-051,category_match,1,0,
per_case_outcomes.csv,exp_id=e0_noise|run_id=e0_noise_20260914T115913Z|prompt_version=v1|repeat_idx=0|case_id=case-051,passed,1,0,
per_case_outcomes.csv,exp_id=e0_noise|run_id=e0_noise_20260914T115913Z|prompt_version=v1|repeat_idx=0|case_id=case-054,expected_category,account,technical,
per_case_outcomes.csv,exp_id=e0_noise|run_id=e0_noise_20260914T115913Z|prompt_version=v1|repeat_idx=0|case_id=case-054,category_match,1,0,
per_case_outcomes.csv,exp_id=e0_noise|run_id=e0_noise_20260914T115913Z|prompt_version=v1|repeat_idx=0|case_id=case-054,passed,1,0,
per_case_outcomes.csv,exp_id=e0_noise|run_id=e0_noise_20260914T115913Z|prompt_version=v1|repeat_idx=1|case_id=case-015,expected_category,account,technical,
per_case_outcomes.csv,exp_id=e0_noise|run_id=e0_noise_20260914T115913Z|prompt_version=v1|repeat_idx=1|case_id=case-015,category_match,1,0,
per_case_outcomes.csv,exp_id=e0_noise|run_id=e0_noise_20260914T115913Z|prompt_version=v1|repeat_idx=1|case_id=case-015,passed,1,0,
per_case_outcomes.csv,exp_id=e0_noise|run_id=e0_noise_20260914T115913Z|prompt_version=v1|repeat_idx=1|case_id=case-020,expected_category,general,billing,
per_case_outcomes.csv,exp_id=e0_noise|run_id=e0_noise_20260914T115913Z|prompt_version=v1|repeat_idx=1|case_id=case-020,category_match,0,1,
per_case_outcomes.csv,exp_id=e0_noise|run_id=e0_noise_20260914T115913Z|prompt_version=v1|repeat_idx=1|case_id=case-020,passed,0,1,
per_case_outcomes.csv,exp_id=e0_noise|run_id=e0_noise_20260914T115913Z|prompt_version=v1|repeat_idx=1|case_id=case-021,expected_category,billing,general,
per_case_outcomes.csv,exp_id=e0_noise|run_id=e0_noise_20260914T115913Z|prompt_version=v1|repeat_idx=1|case_id=case-021,category_match,1,0,
per_case_outcomes.csv,exp_id=e0_noise|run_id=e0_noise_20260914T115913Z|prompt_version=v1|repeat_idx=1|case_id=case-021,passed,1,0,
per_case_outcomes.csv,exp_id=e0_noise|run_id=e0_noise_20260914T115913Z|prompt_version=v1|repeat_idx=1|case_id=case-051,expected_category,general,billing,
per_case_outcomes.csv,exp_id=e0_noise|run_id=e0_noise_20260914T115913Z|prompt_version=v1|repeat_idx=1|case_id=case-051,category_match,1,0,
per_case_outcomes.csv,exp_id=e0_noise|run_id=e0_noise_20260914T115913Z|prompt_version=v1|repeat_idx=1|case_id=case-051,passed,1,0,
per_case_outcomes.csv,exp_id=e0_noise|run_id=e0_noise_20260914T115913Z|prompt_version=v1|repeat_idx=1|case_id=case-054,expected_category,account,technical,
per_case_outcomes.csv,exp_id=e0_noise|run_id=e0_noise_20260914T115913Z|prompt_version=v1|repeat_idx=1|case_id=case-054,category_match,1,0,
per_case_outcomes.csv,exp_id=e0_noise|run_id=e0_noise_20260914T115913Z|prompt_version=v1|repeat_idx=1|case_id=case-054,passed,1,0,
per_case_outcomes.csv,exp_id=e0_noise|run_id=e0_noise_20260914T115913Z|prompt_version=v1|repeat_idx=2|case_id=case-015,expected_category,account,technical,
per_case_outcomes.csv,exp_id=e0_noise|run_id=e0_noise_20260914T115913Z|prompt_version=v1|repeat_idx=2|case_id=case-015,category_match,1,0,
per_case_outcomes.csv,exp_id=e0_noise|run_id=e0_noise_20260914T115913Z|prompt_version=v1|repeat_idx=2|case_id=case-015,passed,1,0,
per_case_outcomes.csv,exp_id=e0_noise|run_id=e0_noise_20260914T115913Z|prompt_version=v1|repeat_idx=2|case_id=case-020,expected_category,general,billing,
per_case_outcomes.csv,exp_id=e0_noise|run_id=e0_noise_20260914T115913Z|prompt_version=v1|repeat_idx=2|case_id=case-020,category_match,0,1,
per_case_outcomes.csv,exp_id=e0_noise|run_id=e0_noise_20260914T115913Z|prompt_version=v1|repeat_idx=2|case_id=case-020,passed,0,1,
per_case_outcomes.csv,exp_id=e0_noise|run_id=e0_noise_20260914T115913Z|prompt_version=v1|repeat_idx=2|case_id=case-021,expected_category,billing,general,
per_case_outcomes.csv,exp_id=e0_noise|run_id=e0_noise_20260914T115913Z|prompt_version=v1|repeat_idx=2|case_id=case-021,category_match,1,0,
per_case_outcomes.csv,exp_id=e0_noise|run_id=e0_noise_20260914T115913Z|prompt_version=v1|repeat_idx=2|case_id=case-021,passed,1,0,
per_case_outcomes.csv,exp_id=e0_noise|run_id=e0_noise_20260914T115913Z|prompt_version=v1|repeat_idx=2|case_id=case-051,expected_category,general,billing,
per_case_outcomes.csv,exp_id=e0_noise|run_id=e0_noise_20260914T115913Z|prompt_version=v1|repeat_idx=2|case_id=case-051,category_match,1,0,
per_case_outcomes.csv,exp_id=e0_noise|run_id=e0_noise_20260914T115913Z|prompt_version=v1|repeat_idx=2|case_id=case-051,passed,1,0,
per_case_outcomes.csv,exp_id=e0_noise|run_id=e0_noise_20260914T115913Z|prompt_version=v1|repeat_idx=2|case_id=case-054,expected_category,account,technical,
per_case_outcomes.csv,exp_id=e0_noise|run_id=e0_noise_20260914T115913Z|prompt_version=v1|repeat_idx=2|case_id=case-054,category_match,1,0,
per_case_outcomes.csv,exp_id=e0_noise|run_id=e0_noise_20260914T115913Z|prompt_version=v1|repeat_idx=2|case_id=case-054,passed,1,0,
per_case_outcomes.csv,exp_id=e0_noise|run_id=e0_noise_20260914T115913Z|prompt_version=v1|repeat_idx=3|case_id=case-015,expected_category,account,technical,
per_case_outcomes.csv,exp_id=e0_noise|run_id=e0_noise_20260914T115913Z|prompt_version=v1|repeat_idx=3|case_id=case-015,category_match,1,0,
per_case_outcomes.csv,exp_id=e0_noise|run_id=e0_noise_20260914T115913Z|prompt_version=v1|repeat_idx=3|case_id=case-015,passed,1,0,
per_case_outcomes.csv,exp_id=e0_noise|run_id=e0_noise_20260914T115913Z|prompt_version=v1|repeat_idx=3|case_id=case-020,expected_category,general,billing,
per_case_outcomes.csv,exp_id=e0_noise|run_id=e0_noise_20260914T115913Z|prompt_version=v1|repeat_idx=3|case_id=case-020,category_match,0,1,
per_case_outcomes.csv,exp_id=e0_noise|run_id=e0_noise_20260914T115913Z|prompt_version=v1|repeat_idx=3|case_id=case-020,passed,0,1,
per_case_outcomes.csv,exp_id=e0_noise|run_id=e0_noise_20260914T115913Z|prompt_version=v1|repeat_idx=3|case_id=case-021,expected_category,billing,general,
per_case_outcomes.csv,exp_id=e0_noise|run_id=e0_noise_20260914T115913Z|prompt_version=v1|repeat_idx=3|case_id=case-021,category_match,1,0,
per_case_outcomes.csv,exp_id=e0_noise|run_id=e0_noise_20260914T115913Z|prompt_version=v1|repeat_idx=3|case_id=case-021,passed,1,0,
per_case_outcomes.csv,exp_id=e0_noise|run_id=e0_noise_20260914T115913Z|prompt_version=v1|repeat_idx=3|case_id=case-051,expected_category,general,billing,
per_case_outcomes.csv,exp_id=e0_noise|run_id=e0_noise_20260914T115913Z|prompt_version=v1|repeat_idx=3|case_id=case-051,category_match,1,0,
per_case_outcomes.csv,exp_id=e0_noise|run_id=e0_noise_20260914T115913Z|prompt_version=v1|repeat_idx=3|case_id=case-051,passed,1,0,
per_case_outcomes.csv,exp_id=e0_noise|run_id=e0_noise_20260914T115913Z|prompt_version=v1|repeat_idx=3|case_id=case-054,expected_category,account,technical,
per_case_outcomes.csv,exp_id=e0_noise|run_id=e0_noise_20260914T115913Z|prompt_version=v1|repeat_idx=3|case_id=case-054,category_match,1,0,
per_case_outcomes.csv,exp_id=e0_noise|run_id=e0_noise_20260914T115913Z|prompt_version=v1|repeat_idx=3|case_id=case-054,passed,1,0,
per_case_outcomes.csv,exp_id=e0_noise|run_id=e0_noise_20260914T115913Z|prompt_version=v1|repeat_idx=4|case_id=case-015,expected_category,account,technical,
per_case_outcomes.csv,exp_id=e0_noise|run_id=e0_noise_20260914T115913Z|prompt_version=v1|repeat_idx=4|case_id=case-015,category_match,1,0,
per_case_outcomes.csv,exp_id=e0_noise|run_id=e0_noise_20260914T115913Z|prompt_version=v1|repeat_idx=4|case_id=case-015,passed,1,0,
per_case_outcomes.csv,exp_id=e0_noise|run_id=e0_noise_20260914T115913Z|prompt_version=v1|repeat_idx=4|case_id=case-020,expected_category,general,billing,
per_case_outcomes.csv,exp_id=e0_noise|run_id=e0_noise_20260914T115913Z|prompt_version=v1|repeat_idx=4|case_id=case-020,category_match,0,1,
per_case_outcomes.csv,exp_id=e0_noise|run_id=e0_noise_20260914T115913Z|prompt_version=v1|repeat_idx=4|case_id=case-020,passed,0,1,
per_case_outcomes.csv,exp_id=e0_noise|run_id=e0_noise_20260914T115913Z|prompt_version=v1|repeat_idx=4|case_id=case-021,expected_category,billing,general,
per_case_outcomes.csv,exp_id=e0_noise|run_id=e0_noise_20260914T115913Z|prompt_version=v1|repeat_idx=4|case_id=case-021,category_match,1,0,
per_case_outcomes.csv,exp_id=e0_noise|run_id=e0_noise_20260914T115913Z|prompt_version=v1|repeat_idx=4|case_id=case-021,passed,1,0,
per_case_outcomes.csv,exp_id=e0_noise|run_id=e0_noise_20260914T115913Z|prompt_version=v1|repeat_idx=4|case_id=case-051,expected_category,general,billing,
per_case_outcomes.csv,exp_id=e0_noise|run_id=e0_noise_20260914T115913Z|prompt_version=v1|repeat_idx=4|case_id=case-051,category_match,1,0,
per_case_outcomes.csv,exp_id=e0_noise|run_id=e0_noise_20260914T115913Z|prompt_version=v1|repeat_idx=4|case_id=case-051,passed,1,0,
per_case_outcomes.csv,exp_id=e0_noise|run_id=e0_noise_20260914T115913Z|prompt_version=v1|repeat_idx=4|case_id=case-054,expected_category,account,technical,
per_case_outcomes.csv,exp_id=e0_noise|run_id=e0_noise_20260914T115913Z|prompt_version=v1|repeat_idx=4|case_id=case-054,category_match,1,0,
per_case_outcomes.csv,exp_id=e0_noise|run_id=e0_noise_20260914T115913Z|prompt_version=v1|repeat_idx=4|case_id=case-054,passed,1,0,
per_case_outcomes.csv,exp_id=e1_v2a|run_id=e1_v2a_20260915T153333Z|prompt_version=v2a|repeat_idx=0|case_id=case-015,expected_category,account,technical,
per_case_outcomes.csv,exp_id=e1_v2a|run_id=e1_v2a_20260915T153333Z|prompt_version=v2a|repeat_idx=0|case_id=case-015,category_match,1,0,
per_case_outcomes.csv,exp_id=e1_v2a|run_id=e1_v2a_20260915T153333Z|prompt_version=v2a|repeat_idx=0|case_id=case-015,passed,1,0,
per_case_outcomes.csv,exp_id=e1_v2a|run_id=e1_v2a_20260915T153333Z|prompt_version=v2a|repeat_idx=0|case_id=case-020,expected_category,general,billing,
per_case_outcomes.csv,exp_id=e1_v2a|run_id=e1_v2a_20260915T153333Z|prompt_version=v2a|repeat_idx=0|case_id=case-020,category_match,0,1,
per_case_outcomes.csv,exp_id=e1_v2a|run_id=e1_v2a_20260915T153333Z|prompt_version=v2a|repeat_idx=0|case_id=case-020,passed,0,1,
per_case_outcomes.csv,exp_id=e1_v2a|run_id=e1_v2a_20260915T153333Z|prompt_version=v2a|repeat_idx=0|case_id=case-021,expected_category,billing,general,
per_case_outcomes.csv,exp_id=e1_v2a|run_id=e1_v2a_20260915T153333Z|prompt_version=v2a|repeat_idx=0|case_id=case-021,category_match,1,0,
per_case_outcomes.csv,exp_id=e1_v2a|run_id=e1_v2a_20260915T153333Z|prompt_version=v2a|repeat_idx=0|case_id=case-021,passed,1,0,
per_case_outcomes.csv,exp_id=e1_v2a|run_id=e1_v2a_20260915T153333Z|prompt_version=v2a|repeat_idx=0|case_id=case-051,expected_category,general,billing,
per_case_outcomes.csv,exp_id=e1_v2a|run_id=e1_v2a_20260915T153333Z|prompt_version=v2a|repeat_idx=0|case_id=case-051,category_match,1,0,
per_case_outcomes.csv,exp_id=e1_v2a|run_id=e1_v2a_20260915T153333Z|prompt_version=v2a|repeat_idx=0|case_id=case-051,passed,1,0,
per_case_outcomes.csv,exp_id=e1_v2a|run_id=e1_v2a_20260915T153333Z|prompt_version=v2a|repeat_idx=0|case_id=case-054,expected_category,account,technical,
per_case_outcomes.csv,exp_id=e1_v2a|run_id=e1_v2a_20260915T153333Z|prompt_version=v2a|repeat_idx=0|case_id=case-054,category_match,1,0,
per_case_outcomes.csv,exp_id=e1_v2a|run_id=e1_v2a_20260915T153333Z|prompt_version=v2a|repeat_idx=0|case_id=case-054,passed,1,0,
per_case_outcomes.csv,exp_id=e1_v2a|run_id=e1_v2a_20260915T153333Z|prompt_version=v2a|repeat_idx=1|case_id=case-015,expected_category,account,technical,
per_case_outcomes.csv,exp_id=e1_v2a|run_id=e1_v2a_20260915T153333Z|prompt_version=v2a|repeat_idx=1|case_id=case-015,category_match,1,0,
per_case_outcomes.csv,exp_id=e1_v2a|run_id=e1_v2a_20260915T153333Z|prompt_version=v2a|repeat_idx=1|case_id=case-015,passed,1,0,
per_case_outcomes.csv,exp_id=e1_v2a|run_id=e1_v2a_20260915T153333Z|prompt_version=v2a|repeat_idx=1|case_id=case-020,expected_category,general,billing,
per_case_outcomes.csv,exp_id=e1_v2a|run_id=e1_v2a_20260915T153333Z|prompt_version=v2a|repeat_idx=1|case_id=case-020,category_match,0,1,
per_case_outcomes.csv,exp_id=e1_v2a|run_id=e1_v2a_20260915T153333Z|prompt_version=v2a|repeat_idx=1|case_id=case-020,passed,0,1,
per_case_outcomes.csv,exp_id=e1_v2a|run_id=e1_v2a_20260915T153333Z|prompt_version=v2a|repeat_idx=1|case_id=case-021,expected_category,billing,general,
per_case_outcomes.csv,exp_id=e1_v2a|run_id=e1_v2a_20260915T153333Z|prompt_version=v2a|repeat_idx=1|case_id=case-021,category_match,1,0,
per_case_outcomes.csv,exp_id=e1_v2a|run_id=e1_v2a_20260915T153333Z|prompt_version=v2a|repeat_idx=1|case_id=case-021,passed,1,0,
per_case_outcomes.csv,exp_id=e1_v2a|run_id=e1_v2a_20260915T153333Z|prompt_version=v2a|repeat_idx=1|case_id=case-051,expected_category,general,billing,
per_case_outcomes.csv,exp_id=e1_v2a|run_id=e1_v2a_20260915T153333Z|prompt_version=v2a|repeat_idx=1|case_id=case-051,category_match,1,0,
per_case_outcomes.csv,exp_id=e1_v2a|run_id=e1_v2a_20260915T153333Z|prompt_version=v2a|repeat_idx=1|case_id=case-051,passed,1,0,
per_case_outcomes.csv,exp_id=e1_v2a|run_id=e1_v2a_20260915T153333Z|prompt_version=v2a|repeat_idx=1|case_id=case-054,expected_category,account,technical,
per_case_outcomes.csv,exp_id=e1_v2a|run_id=e1_v2a_20260915T153333Z|prompt_version=v2a|repeat_idx=1|case_id=case-054,category_match,1,0,
per_case_outcomes.csv,exp_id=e1_v2a|run_id=e1_v2a_20260915T153333Z|prompt_version=v2a|repeat_idx=1|case_id=case-054,passed,1,0,
per_case_outcomes.csv,exp_id=e1_v2a|run_id=e1_v2a_20260915T153333Z|prompt_version=v2a|repeat_idx=2|case_id=case-015,expected_category,account,technical,
per_case_outcomes.csv,exp_id=e1_v2a|run_id=e1_v2a_20260915T153333Z|prompt_version=v2a|repeat_idx=2|case_id=case-015,category_match,1,0,
per_case_outcomes.csv,exp_id=e1_v2a|run_id=e1_v2a_20260915T153333Z|prompt_version=v2a|repeat_idx=2|case_id=case-015,passed,1,0,
per_case_outcomes.csv,exp_id=e1_v2a|run_id=e1_v2a_20260915T153333Z|prompt_version=v2a|repeat_idx=2|case_id=case-020,expected_category,general,billing,
per_case_outcomes.csv,exp_id=e1_v2a|run_id=e1_v2a_20260915T153333Z|prompt_version=v2a|repeat_idx=2|case_id=case-020,category_match,0,1,
per_case_outcomes.csv,exp_id=e1_v2a|run_id=e1_v2a_20260915T153333Z|prompt_version=v2a|repeat_idx=2|case_id=case-020,passed,0,1,
per_case_outcomes.csv,exp_id=e1_v2a|run_id=e1_v2a_20260915T153333Z|prompt_version=v2a|repeat_idx=2|case_id=case-021,expected_category,billing,general,
per_case_outcomes.csv,exp_id=e1_v2a|run_id=e1_v2a_20260915T153333Z|prompt_version=v2a|repeat_idx=2|case_id=case-021,category_match,1,0,
per_case_outcomes.csv,exp_id=e1_v2a|run_id=e1_v2a_20260915T153333Z|prompt_version=v2a|repeat_idx=2|case_id=case-021,passed,1,0,
per_case_outcomes.csv,exp_id=e1_v2a|run_id=e1_v2a_20260915T153333Z|prompt_version=v2a|repeat_idx=2|case_id=case-051,expected_category,general,billing,
per_case_outcomes.csv,exp_id=e1_v2a|run_id=e1_v2a_20260915T153333Z|prompt_version=v2a|repeat_idx=2|case_id=case-051,category_match,1,0,
per_case_outcomes.csv,exp_id=e1_v2a|run_id=e1_v2a_20260915T153333Z|prompt_version=v2a|repeat_idx=2|case_id=case-051,passed,1,0,
per_case_outcomes.csv,exp_id=e1_v2a|run_id=e1_v2a_20260915T153333Z|prompt_version=v2a|repeat_idx=2|case_id=case-054,expected_category,account,technical,
per_case_outcomes.csv,exp_id=e1_v2a|run_id=e1_v2a_20260915T153333Z|prompt_version=v2a|repeat_idx=2|case_id=case-054,category_match,1,0,
per_case_outcomes.csv,exp_id=e1_v2a|run_id=e1_v2a_20260915T153333Z|prompt_version=v2a|repeat_idx=2|case_id=case-054,passed,1,0,
per_case_outcomes.csv,exp_id=e1_v2b|run_id=e1_v2b_20260915T153711Z|prompt_version=v2b|repeat_idx=0|case_id=case-015,expected_category,account,technical,
per_case_outcomes.csv,exp_id=e1_v2b|run_id=e1_v2b_20260915T153711Z|prompt_version=v2b|repeat_idx=0|case_id=case-015,category_match,1,0,
per_case_outcomes.csv,exp_id=e1_v2b|run_id=e1_v2b_20260915T153711Z|prompt_version=v2b|repeat_idx=0|case_id=case-015,passed,1,0,
per_case_outcomes.csv,exp_id=e1_v2b|run_id=e1_v2b_20260915T153711Z|prompt_version=v2b|repeat_idx=0|case_id=case-020,expected_category,general,billing,
per_case_outcomes.csv,exp_id=e1_v2b|run_id=e1_v2b_20260915T153711Z|prompt_version=v2b|repeat_idx=0|case_id=case-020,category_match,0,1,
per_case_outcomes.csv,exp_id=e1_v2b|run_id=e1_v2b_20260915T153711Z|prompt_version=v2b|repeat_idx=0|case_id=case-020,passed,0,1,
per_case_outcomes.csv,exp_id=e1_v2b|run_id=e1_v2b_20260915T153711Z|prompt_version=v2b|repeat_idx=0|case_id=case-021,expected_category,billing,general,
per_case_outcomes.csv,exp_id=e1_v2b|run_id=e1_v2b_20260915T153711Z|prompt_version=v2b|repeat_idx=0|case_id=case-021,category_match,1,0,
per_case_outcomes.csv,exp_id=e1_v2b|run_id=e1_v2b_20260915T153711Z|prompt_version=v2b|repeat_idx=0|case_id=case-021,passed,1,0,
per_case_outcomes.csv,exp_id=e1_v2b|run_id=e1_v2b_20260915T153711Z|prompt_version=v2b|repeat_idx=0|case_id=case-051,expected_category,general,billing,
per_case_outcomes.csv,exp_id=e1_v2b|run_id=e1_v2b_20260915T153711Z|prompt_version=v2b|repeat_idx=0|case_id=case-051,category_match,1,0,
per_case_outcomes.csv,exp_id=e1_v2b|run_id=e1_v2b_20260915T153711Z|prompt_version=v2b|repeat_idx=0|case_id=case-051,passed,1,0,
per_case_outcomes.csv,exp_id=e1_v2b|run_id=e1_v2b_20260915T153711Z|prompt_version=v2b|repeat_idx=0|case_id=case-054,expected_category,account,technical,
per_case_outcomes.csv,exp_id=e1_v2b|run_id=e1_v2b_20260915T153711Z|prompt_version=v2b|repeat_idx=0|case_id=case-054,category_match,1,0,
per_case_outcomes.csv,exp_id=e1_v2b|run_id=e1_v2b_20260915T153711Z|prompt_version=v2b|repeat_idx=0|case_id=case-054,passed,1,0,
per_case_outcomes.csv,exp_id=e1_v2b|run_id=e1_v2b_20260915T153711Z|prompt_version=v2b|repeat_idx=1|case_id=case-015,expected_category,account,technical,
per_case_outcomes.csv,exp_id=e1_v2b|run_id=e1_v2b_20260915T153711Z|prompt_version=v2b|repeat_idx=1|case_id=case-015,category_match,1,0,
per_case_outcomes.csv,exp_id=e1_v2b|run_id=e1_v2b_20260915T153711Z|prompt_version=v2b|repeat_idx=1|case_id=case-015,passed,1,0,
per_case_outcomes.csv,exp_id=e1_v2b|run_id=e1_v2b_20260915T153711Z|prompt_version=v2b|repeat_idx=1|case_id=case-020,expected_category,general,billing,
per_case_outcomes.csv,exp_id=e1_v2b|run_id=e1_v2b_20260915T153711Z|prompt_version=v2b|repeat_idx=1|case_id=case-020,category_match,0,1,
per_case_outcomes.csv,exp_id=e1_v2b|run_id=e1_v2b_20260915T153711Z|prompt_version=v2b|repeat_idx=1|case_id=case-020,passed,0,1,
per_case_outcomes.csv,exp_id=e1_v2b|run_id=e1_v2b_20260915T153711Z|prompt_version=v2b|repeat_idx=1|case_id=case-021,expected_category,billing,general,
per_case_outcomes.csv,exp_id=e1_v2b|run_id=e1_v2b_20260915T153711Z|prompt_version=v2b|repeat_idx=1|case_id=case-021,category_match,1,0,
per_case_outcomes.csv,exp_id=e1_v2b|run_id=e1_v2b_20260915T153711Z|prompt_version=v2b|repeat_idx=1|case_id=case-021,passed,1,0,
per_case_outcomes.csv,exp_id=e1_v2b|run_id=e1_v2b_20260915T153711Z|prompt_version=v2b|repeat_idx=1|case_id=case-051,expected_category,general,billing,
per_case_outcomes.csv,exp_id=e1_v2b|run_id=e1_v2b_20260915T153711Z|prompt_version=v2b|repeat_idx=1|case_id=case-051,category_match,1,0,
per_case_outcomes.csv,exp_id=e1_v2b|run_id=e1_v2b_20260915T153711Z|prompt_version=v2b|repeat_idx=1|case_id=case-051,passed,1,0,
per_case_outcomes.csv,exp_id=e1_v2b|run_id=e1_v2b_20260915T153711Z|prompt_version=v2b|repeat_idx=1|case_id=case-054,expected_category,account,technical,
per_case_outcomes.csv,exp_id=e1_v2b|run_id=e1_v2b_20260915T153711Z|prompt_version=v2b|repeat_idx=1|case_id=case-054,category_match,0,1,
per_case_outcomes.csv,exp_id=e1_v2b|run_id=e1_v2b_20260915T153711Z|prompt_version=v2b|repeat_idx=1|case_id=case-054,passed,0,1,
per_case_outcomes.csv,exp_id=e1_v2b|run_id=e1_v2b_20260915T153711Z|prompt_version=v2b|repeat_idx=2|case_id=case-015,expected_category,account,technical,
per_case_outcomes.csv,exp_id=e1_v2b|run_id=e1_v2b_20260915T153711Z|prompt_version=v2b|repeat_idx=2|case_id=case-015,category_match,1,0,
per_case_outcomes.csv,exp_id=e1_v2b|run_id=e1_v2b_20260915T153711Z|prompt_version=v2b|repeat_idx=2|case_id=case-015,passed,1,0,
per_case_outcomes.csv,exp_id=e1_v2b|run_id=e1_v2b_20260915T153711Z|prompt_version=v2b|repeat_idx=2|case_id=case-020,expected_category,general,billing,
per_case_outcomes.csv,exp_id=e1_v2b|run_id=e1_v2b_20260915T153711Z|prompt_version=v2b|repeat_idx=2|case_id=case-020,category_match,0,1,
per_case_outcomes.csv,exp_id=e1_v2b|run_id=e1_v2b_20260915T153711Z|prompt_version=v2b|repeat_idx=2|case_id=case-020,passed,0,1,
per_case_outcomes.csv,exp_id=e1_v2b|run_id=e1_v2b_20260915T153711Z|prompt_version=v2b|repeat_idx=2|case_id=case-021,expected_category,billing,general,
per_case_outcomes.csv,exp_id=e1_v2b|run_id=e1_v2b_20260915T153711Z|prompt_version=v2b|repeat_idx=2|case_id=case-021,category_match,1,0,
per_case_outcomes.csv,exp_id=e1_v2b|run_id=e1_v2b_20260915T153711Z|prompt_version=v2b|repeat_idx=2|case_id=case-021,passed,1,0,
per_case_outcomes.csv,exp_id=e1_v2b|run_id=e1_v2b_20260915T153711Z|prompt_version=v2b|repeat_idx=2|case_id=case-051,expected_category,general,billing,
per_case_outcomes.csv,exp_id=e1_v2b|run_id=e1_v2b_20260915T153711Z|prompt_version=v2b|repeat_idx=2|case_id=case-051,category_match,1,0,
per_case_outcomes.csv,exp_id=e1_v2b|run_id=e1_v2b_20260915T153711Z|prompt_version=v2b|repeat_idx=2|case_id=case-051,passed,1,0,
per_case_outcomes.csv,exp_id=e1_v2b|run_id=e1_v2b_20260915T153711Z|prompt_version=v2b|repeat_idx=2|case_id=case-054,expected_category,account,technical,
per_case_outcomes.csv,exp_id=e1_v2b|run_id=e1_v2b_20260915T153711Z|prompt_version=v2b|repeat_idx=2|case_id=case-054,category_match,0,1,
per_case_outcomes.csv,exp_id=e1_v2b|run_id=e1_v2b_20260915T153711Z|prompt_version=v2b|repeat_idx=2|case_id=case-054,passed,0,1,
per_case_outcomes.csv,exp_id=e1_v2c|run_id=e1_v2c_20260915T154039Z|prompt_version=v2c|repeat_idx=0|case_id=case-015,expected_category,account,technical,
per_case_outcomes.csv,exp_id=e1_v2c|run_id=e1_v2c_20260915T154039Z|prompt_version=v2c|repeat_idx=0|case_id=case-015,category_match,1,0,
per_case_outcomes.csv,exp_id=e1_v2c|run_id=e1_v2c_20260915T154039Z|prompt_version=v2c|repeat_idx=0|case_id=case-015,passed,1,0,
per_case_outcomes.csv,exp_id=e1_v2c|run_id=e1_v2c_20260915T154039Z|prompt_version=v2c|repeat_idx=0|case_id=case-020,expected_category,general,billing,
per_case_outcomes.csv,exp_id=e1_v2c|run_id=e1_v2c_20260915T154039Z|prompt_version=v2c|repeat_idx=0|case_id=case-020,category_match,0,1,
per_case_outcomes.csv,exp_id=e1_v2c|run_id=e1_v2c_20260915T154039Z|prompt_version=v2c|repeat_idx=0|case_id=case-020,passed,0,1,
per_case_outcomes.csv,exp_id=e1_v2c|run_id=e1_v2c_20260915T154039Z|prompt_version=v2c|repeat_idx=0|case_id=case-021,expected_category,billing,general,
per_case_outcomes.csv,exp_id=e1_v2c|run_id=e1_v2c_20260915T154039Z|prompt_version=v2c|repeat_idx=0|case_id=case-021,category_match,1,0,
per_case_outcomes.csv,exp_id=e1_v2c|run_id=e1_v2c_20260915T154039Z|prompt_version=v2c|repeat_idx=0|case_id=case-021,passed,1,0,
per_case_outcomes.csv,exp_id=e1_v2c|run_id=e1_v2c_20260915T154039Z|prompt_version=v2c|repeat_idx=0|case_id=case-051,expected_category,general,billing,
per_case_outcomes.csv,exp_id=e1_v2c|run_id=e1_v2c_20260915T154039Z|prompt_version=v2c|repeat_idx=0|case_id=case-051,category_match,1,0,
per_case_outcomes.csv,exp_id=e1_v2c|run_id=e1_v2c_20260915T154039Z|prompt_version=v2c|repeat_idx=0|case_id=case-051,passed,1,0,
per_case_outcomes.csv,exp_id=e1_v2c|run_id=e1_v2c_20260915T154039Z|prompt_version=v2c|repeat_idx=0|case_id=case-054,expected_category,account,technical,
per_case_outcomes.csv,exp_id=e1_v2c|run_id=e1_v2c_20260915T154039Z|prompt_version=v2c|repeat_idx=0|case_id=case-054,category_match,0,1,
per_case_outcomes.csv,exp_id=e1_v2c|run_id=e1_v2c_20260915T154039Z|prompt_version=v2c|repeat_idx=0|case_id=case-054,passed,0,1,
per_case_outcomes.csv,exp_id=e1_v2c|run_id=e1_v2c_20260915T154039Z|prompt_version=v2c|repeat_idx=1|case_id=case-015,expected_category,account,technical,
per_case_outcomes.csv,exp_id=e1_v2c|run_id=e1_v2c_20260915T154039Z|prompt_version=v2c|repeat_idx=1|case_id=case-015,category_match,1,0,
per_case_outcomes.csv,exp_id=e1_v2c|run_id=e1_v2c_20260915T154039Z|prompt_version=v2c|repeat_idx=1|case_id=case-015,passed,1,0,
per_case_outcomes.csv,exp_id=e1_v2c|run_id=e1_v2c_20260915T154039Z|prompt_version=v2c|repeat_idx=1|case_id=case-020,expected_category,general,billing,
per_case_outcomes.csv,exp_id=e1_v2c|run_id=e1_v2c_20260915T154039Z|prompt_version=v2c|repeat_idx=1|case_id=case-020,category_match,0,1,
per_case_outcomes.csv,exp_id=e1_v2c|run_id=e1_v2c_20260915T154039Z|prompt_version=v2c|repeat_idx=1|case_id=case-020,passed,0,1,
per_case_outcomes.csv,exp_id=e1_v2c|run_id=e1_v2c_20260915T154039Z|prompt_version=v2c|repeat_idx=1|case_id=case-021,expected_category,billing,general,
per_case_outcomes.csv,exp_id=e1_v2c|run_id=e1_v2c_20260915T154039Z|prompt_version=v2c|repeat_idx=1|case_id=case-021,category_match,1,0,
per_case_outcomes.csv,exp_id=e1_v2c|run_id=e1_v2c_20260915T154039Z|prompt_version=v2c|repeat_idx=1|case_id=case-021,passed,1,0,
per_case_outcomes.csv,exp_id=e1_v2c|run_id=e1_v2c_20260915T154039Z|prompt_version=v2c|repeat_idx=1|case_id=case-051,expected_category,general,billing,
per_case_outcomes.csv,exp_id=e1_v2c|run_id=e1_v2c_20260915T154039Z|prompt_version=v2c|repeat_idx=1|case_id=case-051,category_match,1,0,
per_case_outcomes.csv,exp_id=e1_v2c|run_id=e1_v2c_20260915T154039Z|prompt_version=v2c|repeat_idx=1|case_id=case-051,passed,1,0,
per_case_outcomes.csv,exp_id=e1_v2c|run_id=e1_v2c_20260915T154039Z|prompt_version=v2c|repeat_idx=1|case_id=case-054,expected_category,account,technical,
per_case_outcomes.csv,exp_id=e1_v2c|run_id=e1_v2c_20260915T154039Z|prompt_version=v2c|repeat_idx=1|case_id=case-054,category_match,0,1,
per_case_outcomes.csv,exp_id=e1_v2c|run_id=e1_v2c_20260915T154039Z|prompt_version=v2c|repeat_idx=1|case_id=case-054,passed,0,1,
per_case_outcomes.csv,exp_id=e1_v2c|run_id=e1_v2c_20260915T154039Z|prompt_version=v2c|repeat_idx=2|case_id=case-015,expected_category,account,technical,
per_case_outcomes.csv,exp_id=e1_v2c|run_id=e1_v2c_20260915T154039Z|prompt_version=v2c|repeat_idx=2|case_id=case-015,category_match,1,0,
per_case_outcomes.csv,exp_id=e1_v2c|run_id=e1_v2c_20260915T154039Z|prompt_version=v2c|repeat_idx=2|case_id=case-015,passed,1,0,
per_case_outcomes.csv,exp_id=e1_v2c|run_id=e1_v2c_20260915T154039Z|prompt_version=v2c|repeat_idx=2|case_id=case-020,expected_category,general,billing,
per_case_outcomes.csv,exp_id=e1_v2c|run_id=e1_v2c_20260915T154039Z|prompt_version=v2c|repeat_idx=2|case_id=case-020,category_match,0,1,
per_case_outcomes.csv,exp_id=e1_v2c|run_id=e1_v2c_20260915T154039Z|prompt_version=v2c|repeat_idx=2|case_id=case-020,passed,0,1,
per_case_outcomes.csv,exp_id=e1_v2c|run_id=e1_v2c_20260915T154039Z|prompt_version=v2c|repeat_idx=2|case_id=case-021,expected_category,billing,general,
per_case_outcomes.csv,exp_id=e1_v2c|run_id=e1_v2c_20260915T154039Z|prompt_version=v2c|repeat_idx=2|case_id=case-021,category_match,1,0,
per_case_outcomes.csv,exp_id=e1_v2c|run_id=e1_v2c_20260915T154039Z|prompt_version=v2c|repeat_idx=2|case_id=case-021,passed,1,0,
per_case_outcomes.csv,exp_id=e1_v2c|run_id=e1_v2c_20260915T154039Z|prompt_version=v2c|repeat_idx=2|case_id=case-051,expected_category,general,billing,
per_case_outcomes.csv,exp_id=e1_v2c|run_id=e1_v2c_20260915T154039Z|prompt_version=v2c|repeat_idx=2|case_id=case-051,category_match,1,0,
per_case_outcomes.csv,exp_id=e1_v2c|run_id=e1_v2c_20260915T154039Z|prompt_version=v2c|repeat_idx=2|case_id=case-051,passed,1,0,
per_case_outcomes.csv,exp_id=e1_v2c|run_id=e1_v2c_20260915T154039Z|prompt_version=v2c|repeat_idx=2|case_id=case-054,expected_category,account,technical,
per_case_outcomes.csv,exp_id=e1_v2c|run_id=e1_v2c_20260915T154039Z|prompt_version=v2c|repeat_idx=2|case_id=case-054,category_match,0,1,
per_case_outcomes.csv,exp_id=e1_v2c|run_id=e1_v2c_20260915T154039Z|prompt_version=v2c|repeat_idx=2|case_id=case-054,passed,0,1,
per_case_outcomes.csv,exp_id=e1_v2d|run_id=e1_v2d_20260915T154407Z|prompt_version=v2d|repeat_idx=0|case_id=case-015,expected_category,account,technical,
per_case_outcomes.csv,exp_id=e1_v2d|run_id=e1_v2d_20260915T154407Z|prompt_version=v2d|repeat_idx=0|case_id=case-015,category_match,1,0,
per_case_outcomes.csv,exp_id=e1_v2d|run_id=e1_v2d_20260915T154407Z|prompt_version=v2d|repeat_idx=0|case_id=case-015,passed,1,0,
per_case_outcomes.csv,exp_id=e1_v2d|run_id=e1_v2d_20260915T154407Z|prompt_version=v2d|repeat_idx=0|case_id=case-020,expected_category,general,billing,
per_case_outcomes.csv,exp_id=e1_v2d|run_id=e1_v2d_20260915T154407Z|prompt_version=v2d|repeat_idx=0|case_id=case-020,category_match,0,1,
per_case_outcomes.csv,exp_id=e1_v2d|run_id=e1_v2d_20260915T154407Z|prompt_version=v2d|repeat_idx=0|case_id=case-020,passed,0,1,
per_case_outcomes.csv,exp_id=e1_v2d|run_id=e1_v2d_20260915T154407Z|prompt_version=v2d|repeat_idx=0|case_id=case-021,expected_category,billing,general,
per_case_outcomes.csv,exp_id=e1_v2d|run_id=e1_v2d_20260915T154407Z|prompt_version=v2d|repeat_idx=0|case_id=case-021,category_match,1,0,
per_case_outcomes.csv,exp_id=e1_v2d|run_id=e1_v2d_20260915T154407Z|prompt_version=v2d|repeat_idx=0|case_id=case-021,passed,1,0,
per_case_outcomes.csv,exp_id=e1_v2d|run_id=e1_v2d_20260915T154407Z|prompt_version=v2d|repeat_idx=0|case_id=case-051,expected_category,general,billing,
per_case_outcomes.csv,exp_id=e1_v2d|run_id=e1_v2d_20260915T154407Z|prompt_version=v2d|repeat_idx=0|case_id=case-051,category_match,1,0,
per_case_outcomes.csv,exp_id=e1_v2d|run_id=e1_v2d_20260915T154407Z|prompt_version=v2d|repeat_idx=0|case_id=case-051,passed,1,0,
per_case_outcomes.csv,exp_id=e1_v2d|run_id=e1_v2d_20260915T154407Z|prompt_version=v2d|repeat_idx=0|case_id=case-054,expected_category,account,technical,
per_case_outcomes.csv,exp_id=e1_v2d|run_id=e1_v2d_20260915T154407Z|prompt_version=v2d|repeat_idx=0|case_id=case-054,category_match,1,0,
per_case_outcomes.csv,exp_id=e1_v2d|run_id=e1_v2d_20260915T154407Z|prompt_version=v2d|repeat_idx=0|case_id=case-054,passed,1,0,
per_case_outcomes.csv,exp_id=e1_v2d|run_id=e1_v2d_20260915T154407Z|prompt_version=v2d|repeat_idx=1|case_id=case-015,expected_category,account,technical,
per_case_outcomes.csv,exp_id=e1_v2d|run_id=e1_v2d_20260915T154407Z|prompt_version=v2d|repeat_idx=1|case_id=case-015,category_match,1,0,
per_case_outcomes.csv,exp_id=e1_v2d|run_id=e1_v2d_20260915T154407Z|prompt_version=v2d|repeat_idx=1|case_id=case-015,passed,1,0,
per_case_outcomes.csv,exp_id=e1_v2d|run_id=e1_v2d_20260915T154407Z|prompt_version=v2d|repeat_idx=1|case_id=case-020,expected_category,general,billing,
per_case_outcomes.csv,exp_id=e1_v2d|run_id=e1_v2d_20260915T154407Z|prompt_version=v2d|repeat_idx=1|case_id=case-020,category_match,0,1,
per_case_outcomes.csv,exp_id=e1_v2d|run_id=e1_v2d_20260915T154407Z|prompt_version=v2d|repeat_idx=1|case_id=case-020,passed,0,1,
per_case_outcomes.csv,exp_id=e1_v2d|run_id=e1_v2d_20260915T154407Z|prompt_version=v2d|repeat_idx=1|case_id=case-021,expected_category,billing,general,
per_case_outcomes.csv,exp_id=e1_v2d|run_id=e1_v2d_20260915T154407Z|prompt_version=v2d|repeat_idx=1|case_id=case-021,category_match,1,0,
per_case_outcomes.csv,exp_id=e1_v2d|run_id=e1_v2d_20260915T154407Z|prompt_version=v2d|repeat_idx=1|case_id=case-021,passed,1,0,
per_case_outcomes.csv,exp_id=e1_v2d|run_id=e1_v2d_20260915T154407Z|prompt_version=v2d|repeat_idx=1|case_id=case-051,expected_category,general,billing,
per_case_outcomes.csv,exp_id=e1_v2d|run_id=e1_v2d_20260915T154407Z|prompt_version=v2d|repeat_idx=1|case_id=case-051,category_match,1,0,
per_case_outcomes.csv,exp_id=e1_v2d|run_id=e1_v2d_20260915T154407Z|prompt_version=v2d|repeat_idx=1|case_id=case-051,passed,1,0,
per_case_outcomes.csv,exp_id=e1_v2d|run_id=e1_v2d_20260915T154407Z|prompt_version=v2d|repeat_idx=1|case_id=case-054,expected_category,account,technical,
per_case_outcomes.csv,exp_id=e1_v2d|run_id=e1_v2d_20260915T154407Z|prompt_version=v2d|repeat_idx=1|case_id=case-054,category_match,1,0,
per_case_outcomes.csv,exp_id=e1_v2d|run_id=e1_v2d_20260915T154407Z|prompt_version=v2d|repeat_idx=1|case_id=case-054,passed,1,0,
per_case_outcomes.csv,exp_id=e1_v2d|run_id=e1_v2d_20260915T154407Z|prompt_version=v2d|repeat_idx=2|case_id=case-015,expected_category,account,technical,
per_case_outcomes.csv,exp_id=e1_v2d|run_id=e1_v2d_20260915T154407Z|prompt_version=v2d|repeat_idx=2|case_id=case-015,category_match,1,0,
per_case_outcomes.csv,exp_id=e1_v2d|run_id=e1_v2d_20260915T154407Z|prompt_version=v2d|repeat_idx=2|case_id=case-015,passed,1,0,
per_case_outcomes.csv,exp_id=e1_v2d|run_id=e1_v2d_20260915T154407Z|prompt_version=v2d|repeat_idx=2|case_id=case-020,expected_category,general,billing,
per_case_outcomes.csv,exp_id=e1_v2d|run_id=e1_v2d_20260915T154407Z|prompt_version=v2d|repeat_idx=2|case_id=case-020,category_match,0,1,
per_case_outcomes.csv,exp_id=e1_v2d|run_id=e1_v2d_20260915T154407Z|prompt_version=v2d|repeat_idx=2|case_id=case-020,passed,0,1,
per_case_outcomes.csv,exp_id=e1_v2d|run_id=e1_v2d_20260915T154407Z|prompt_version=v2d|repeat_idx=2|case_id=case-021,expected_category,billing,general,
per_case_outcomes.csv,exp_id=e1_v2d|run_id=e1_v2d_20260915T154407Z|prompt_version=v2d|repeat_idx=2|case_id=case-021,category_match,1,0,
per_case_outcomes.csv,exp_id=e1_v2d|run_id=e1_v2d_20260915T154407Z|prompt_version=v2d|repeat_idx=2|case_id=case-021,passed,1,0,
per_case_outcomes.csv,exp_id=e1_v2d|run_id=e1_v2d_20260915T154407Z|prompt_version=v2d|repeat_idx=2|case_id=case-051,expected_category,general,billing,
per_case_outcomes.csv,exp_id=e1_v2d|run_id=e1_v2d_20260915T154407Z|prompt_version=v2d|repeat_idx=2|case_id=case-051,category_match,1,0,
per_case_outcomes.csv,exp_id=e1_v2d|run_id=e1_v2d_20260915T154407Z|prompt_version=v2d|repeat_idx=2|case_id=case-051,passed,1,0,
per_case_outcomes.csv,exp_id=e1_v2d|run_id=e1_v2d_20260915T154407Z|prompt_version=v2d|repeat_idx=2|case_id=case-054,expected_category,account,technical,
per_case_outcomes.csv,exp_id=e1_v2d|run_id=e1_v2d_20260915T154407Z|prompt_version=v2d|repeat_idx=2|case_id=case-054,category_match,1,0,
per_case_outcomes.csv,exp_id=e1_v2d|run_id=e1_v2d_20260915T154407Z|prompt_version=v2d|repeat_idx=2|case_id=case-054,passed,1,0,
rates_by_run.csv,exp_id=e0_noise|run_id=e0_noise_20260914T115913Z|prompt_version=v1|repeat_idx=0|metric=category_match|method=clopper_pearson,k,64,61,
rates_by_run.csv,exp_id=e0_noise|run_id=e0_noise_20260914T115913Z|prompt_version=v1|repeat_idx=0|metric=category_match|method=clopper_pearson,estimate,0.914286,0.871429,
rates_by_run.csv,exp_id=e0_noise|run_id=e0_noise_20260914T115913Z|prompt_version=v1|repeat_idx=0|metric=category_match|method=clopper_pearson,ci_low,0.822714,0.769912,
rates_by_run.csv,exp_id=e0_noise|run_id=e0_noise_20260914T115913Z|prompt_version=v1|repeat_idx=0|metric=category_match|method=clopper_pearson,ci_high,0.967892,0.939487,
rates_by_run.csv,exp_id=e0_noise|run_id=e0_noise_20260914T115913Z|prompt_version=v1|repeat_idx=0|metric=category_match|method=wilson,k,64,61,
rates_by_run.csv,exp_id=e0_noise|run_id=e0_noise_20260914T115913Z|prompt_version=v1|repeat_idx=0|metric=category_match|method=wilson,estimate,0.914286,0.871429,
rates_by_run.csv,exp_id=e0_noise|run_id=e0_noise_20260914T115913Z|prompt_version=v1|repeat_idx=0|metric=category_match|method=wilson,ci_low,0.825343,0.773352,
rates_by_run.csv,exp_id=e0_noise|run_id=e0_noise_20260914T115913Z|prompt_version=v1|repeat_idx=0|metric=category_match|method=wilson,ci_high,0.960123,0.930859,
rates_by_run.csv,exp_id=e0_noise|run_id=e0_noise_20260914T115913Z|prompt_version=v1|repeat_idx=0|metric=passed|method=clopper_pearson,k,64,61,
rates_by_run.csv,exp_id=e0_noise|run_id=e0_noise_20260914T115913Z|prompt_version=v1|repeat_idx=0|metric=passed|method=clopper_pearson,estimate,0.914286,0.871429,
rates_by_run.csv,exp_id=e0_noise|run_id=e0_noise_20260914T115913Z|prompt_version=v1|repeat_idx=0|metric=passed|method=clopper_pearson,ci_low,0.822714,0.769912,
rates_by_run.csv,exp_id=e0_noise|run_id=e0_noise_20260914T115913Z|prompt_version=v1|repeat_idx=0|metric=passed|method=clopper_pearson,ci_high,0.967892,0.939487,
rates_by_run.csv,exp_id=e0_noise|run_id=e0_noise_20260914T115913Z|prompt_version=v1|repeat_idx=0|metric=passed|method=wilson,k,64,61,
rates_by_run.csv,exp_id=e0_noise|run_id=e0_noise_20260914T115913Z|prompt_version=v1|repeat_idx=0|metric=passed|method=wilson,estimate,0.914286,0.871429,
rates_by_run.csv,exp_id=e0_noise|run_id=e0_noise_20260914T115913Z|prompt_version=v1|repeat_idx=0|metric=passed|method=wilson,ci_low,0.825343,0.773352,
rates_by_run.csv,exp_id=e0_noise|run_id=e0_noise_20260914T115913Z|prompt_version=v1|repeat_idx=0|metric=passed|method=wilson,ci_high,0.960123,0.930859,
rates_by_run.csv,exp_id=e0_noise|run_id=e0_noise_20260914T115913Z|prompt_version=v1|repeat_idx=1|metric=category_match|method=clopper_pearson,k,64,61,
rates_by_run.csv,exp_id=e0_noise|run_id=e0_noise_20260914T115913Z|prompt_version=v1|repeat_idx=1|metric=category_match|method=clopper_pearson,estimate,0.914286,0.871429,
rates_by_run.csv,exp_id=e0_noise|run_id=e0_noise_20260914T115913Z|prompt_version=v1|repeat_idx=1|metric=category_match|method=clopper_pearson,ci_low,0.822714,0.769912,
rates_by_run.csv,exp_id=e0_noise|run_id=e0_noise_20260914T115913Z|prompt_version=v1|repeat_idx=1|metric=category_match|method=clopper_pearson,ci_high,0.967892,0.939487,
rates_by_run.csv,exp_id=e0_noise|run_id=e0_noise_20260914T115913Z|prompt_version=v1|repeat_idx=1|metric=category_match|method=wilson,k,64,61,
rates_by_run.csv,exp_id=e0_noise|run_id=e0_noise_20260914T115913Z|prompt_version=v1|repeat_idx=1|metric=category_match|method=wilson,estimate,0.914286,0.871429,
rates_by_run.csv,exp_id=e0_noise|run_id=e0_noise_20260914T115913Z|prompt_version=v1|repeat_idx=1|metric=category_match|method=wilson,ci_low,0.825343,0.773352,
rates_by_run.csv,exp_id=e0_noise|run_id=e0_noise_20260914T115913Z|prompt_version=v1|repeat_idx=1|metric=category_match|method=wilson,ci_high,0.960123,0.930859,
rates_by_run.csv,exp_id=e0_noise|run_id=e0_noise_20260914T115913Z|prompt_version=v1|repeat_idx=1|metric=passed|method=clopper_pearson,k,64,61,
rates_by_run.csv,exp_id=e0_noise|run_id=e0_noise_20260914T115913Z|prompt_version=v1|repeat_idx=1|metric=passed|method=clopper_pearson,estimate,0.914286,0.871429,
rates_by_run.csv,exp_id=e0_noise|run_id=e0_noise_20260914T115913Z|prompt_version=v1|repeat_idx=1|metric=passed|method=clopper_pearson,ci_low,0.822714,0.769912,
rates_by_run.csv,exp_id=e0_noise|run_id=e0_noise_20260914T115913Z|prompt_version=v1|repeat_idx=1|metric=passed|method=clopper_pearson,ci_high,0.967892,0.939487,
rates_by_run.csv,exp_id=e0_noise|run_id=e0_noise_20260914T115913Z|prompt_version=v1|repeat_idx=1|metric=passed|method=wilson,k,64,61,
rates_by_run.csv,exp_id=e0_noise|run_id=e0_noise_20260914T115913Z|prompt_version=v1|repeat_idx=1|metric=passed|method=wilson,estimate,0.914286,0.871429,
rates_by_run.csv,exp_id=e0_noise|run_id=e0_noise_20260914T115913Z|prompt_version=v1|repeat_idx=1|metric=passed|method=wilson,ci_low,0.825343,0.773352,
rates_by_run.csv,exp_id=e0_noise|run_id=e0_noise_20260914T115913Z|prompt_version=v1|repeat_idx=1|metric=passed|method=wilson,ci_high,0.960123,0.930859,
rates_by_run.csv,exp_id=e0_noise|run_id=e0_noise_20260914T115913Z|prompt_version=v1|repeat_idx=2|metric=category_match|method=clopper_pearson,k,64,61,
rates_by_run.csv,exp_id=e0_noise|run_id=e0_noise_20260914T115913Z|prompt_version=v1|repeat_idx=2|metric=category_match|method=clopper_pearson,estimate,0.914286,0.871429,
rates_by_run.csv,exp_id=e0_noise|run_id=e0_noise_20260914T115913Z|prompt_version=v1|repeat_idx=2|metric=category_match|method=clopper_pearson,ci_low,0.822714,0.769912,
rates_by_run.csv,exp_id=e0_noise|run_id=e0_noise_20260914T115913Z|prompt_version=v1|repeat_idx=2|metric=category_match|method=clopper_pearson,ci_high,0.967892,0.939487,
rates_by_run.csv,exp_id=e0_noise|run_id=e0_noise_20260914T115913Z|prompt_version=v1|repeat_idx=2|metric=category_match|method=wilson,k,64,61,
rates_by_run.csv,exp_id=e0_noise|run_id=e0_noise_20260914T115913Z|prompt_version=v1|repeat_idx=2|metric=category_match|method=wilson,estimate,0.914286,0.871429,
rates_by_run.csv,exp_id=e0_noise|run_id=e0_noise_20260914T115913Z|prompt_version=v1|repeat_idx=2|metric=category_match|method=wilson,ci_low,0.825343,0.773352,
rates_by_run.csv,exp_id=e0_noise|run_id=e0_noise_20260914T115913Z|prompt_version=v1|repeat_idx=2|metric=category_match|method=wilson,ci_high,0.960123,0.930859,
rates_by_run.csv,exp_id=e0_noise|run_id=e0_noise_20260914T115913Z|prompt_version=v1|repeat_idx=2|metric=passed|method=clopper_pearson,k,64,61,
rates_by_run.csv,exp_id=e0_noise|run_id=e0_noise_20260914T115913Z|prompt_version=v1|repeat_idx=2|metric=passed|method=clopper_pearson,estimate,0.914286,0.871429,
rates_by_run.csv,exp_id=e0_noise|run_id=e0_noise_20260914T115913Z|prompt_version=v1|repeat_idx=2|metric=passed|method=clopper_pearson,ci_low,0.822714,0.769912,
rates_by_run.csv,exp_id=e0_noise|run_id=e0_noise_20260914T115913Z|prompt_version=v1|repeat_idx=2|metric=passed|method=clopper_pearson,ci_high,0.967892,0.939487,
rates_by_run.csv,exp_id=e0_noise|run_id=e0_noise_20260914T115913Z|prompt_version=v1|repeat_idx=2|metric=passed|method=wilson,k,64,61,
rates_by_run.csv,exp_id=e0_noise|run_id=e0_noise_20260914T115913Z|prompt_version=v1|repeat_idx=2|metric=passed|method=wilson,estimate,0.914286,0.871429,
rates_by_run.csv,exp_id=e0_noise|run_id=e0_noise_20260914T115913Z|prompt_version=v1|repeat_idx=2|metric=passed|method=wilson,ci_low,0.825343,0.773352,
rates_by_run.csv,exp_id=e0_noise|run_id=e0_noise_20260914T115913Z|prompt_version=v1|repeat_idx=2|metric=passed|method=wilson,ci_high,0.960123,0.930859,
rates_by_run.csv,exp_id=e0_noise|run_id=e0_noise_20260914T115913Z|prompt_version=v1|repeat_idx=3|metric=category_match|method=clopper_pearson,k,64,61,
rates_by_run.csv,exp_id=e0_noise|run_id=e0_noise_20260914T115913Z|prompt_version=v1|repeat_idx=3|metric=category_match|method=clopper_pearson,estimate,0.914286,0.871429,
rates_by_run.csv,exp_id=e0_noise|run_id=e0_noise_20260914T115913Z|prompt_version=v1|repeat_idx=3|metric=category_match|method=clopper_pearson,ci_low,0.822714,0.769912,
rates_by_run.csv,exp_id=e0_noise|run_id=e0_noise_20260914T115913Z|prompt_version=v1|repeat_idx=3|metric=category_match|method=clopper_pearson,ci_high,0.967892,0.939487,
rates_by_run.csv,exp_id=e0_noise|run_id=e0_noise_20260914T115913Z|prompt_version=v1|repeat_idx=3|metric=category_match|method=wilson,k,64,61,
rates_by_run.csv,exp_id=e0_noise|run_id=e0_noise_20260914T115913Z|prompt_version=v1|repeat_idx=3|metric=category_match|method=wilson,estimate,0.914286,0.871429,
rates_by_run.csv,exp_id=e0_noise|run_id=e0_noise_20260914T115913Z|prompt_version=v1|repeat_idx=3|metric=category_match|method=wilson,ci_low,0.825343,0.773352,
rates_by_run.csv,exp_id=e0_noise|run_id=e0_noise_20260914T115913Z|prompt_version=v1|repeat_idx=3|metric=category_match|method=wilson,ci_high,0.960123,0.930859,
rates_by_run.csv,exp_id=e0_noise|run_id=e0_noise_20260914T115913Z|prompt_version=v1|repeat_idx=3|metric=passed|method=clopper_pearson,k,64,61,
rates_by_run.csv,exp_id=e0_noise|run_id=e0_noise_20260914T115913Z|prompt_version=v1|repeat_idx=3|metric=passed|method=clopper_pearson,estimate,0.914286,0.871429,
rates_by_run.csv,exp_id=e0_noise|run_id=e0_noise_20260914T115913Z|prompt_version=v1|repeat_idx=3|metric=passed|method=clopper_pearson,ci_low,0.822714,0.769912,
rates_by_run.csv,exp_id=e0_noise|run_id=e0_noise_20260914T115913Z|prompt_version=v1|repeat_idx=3|metric=passed|method=clopper_pearson,ci_high,0.967892,0.939487,
rates_by_run.csv,exp_id=e0_noise|run_id=e0_noise_20260914T115913Z|prompt_version=v1|repeat_idx=3|metric=passed|method=wilson,k,64,61,
rates_by_run.csv,exp_id=e0_noise|run_id=e0_noise_20260914T115913Z|prompt_version=v1|repeat_idx=3|metric=passed|method=wilson,estimate,0.914286,0.871429,
rates_by_run.csv,exp_id=e0_noise|run_id=e0_noise_20260914T115913Z|prompt_version=v1|repeat_idx=3|metric=passed|method=wilson,ci_low,0.825343,0.773352,
rates_by_run.csv,exp_id=e0_noise|run_id=e0_noise_20260914T115913Z|prompt_version=v1|repeat_idx=3|metric=passed|method=wilson,ci_high,0.960123,0.930859,
rates_by_run.csv,exp_id=e0_noise|run_id=e0_noise_20260914T115913Z|prompt_version=v1|repeat_idx=4|metric=category_match|method=clopper_pearson,k,64,61,
rates_by_run.csv,exp_id=e0_noise|run_id=e0_noise_20260914T115913Z|prompt_version=v1|repeat_idx=4|metric=category_match|method=clopper_pearson,estimate,0.914286,0.871429,
rates_by_run.csv,exp_id=e0_noise|run_id=e0_noise_20260914T115913Z|prompt_version=v1|repeat_idx=4|metric=category_match|method=clopper_pearson,ci_low,0.822714,0.769912,
rates_by_run.csv,exp_id=e0_noise|run_id=e0_noise_20260914T115913Z|prompt_version=v1|repeat_idx=4|metric=category_match|method=clopper_pearson,ci_high,0.967892,0.939487,
rates_by_run.csv,exp_id=e0_noise|run_id=e0_noise_20260914T115913Z|prompt_version=v1|repeat_idx=4|metric=category_match|method=wilson,k,64,61,
rates_by_run.csv,exp_id=e0_noise|run_id=e0_noise_20260914T115913Z|prompt_version=v1|repeat_idx=4|metric=category_match|method=wilson,estimate,0.914286,0.871429,
rates_by_run.csv,exp_id=e0_noise|run_id=e0_noise_20260914T115913Z|prompt_version=v1|repeat_idx=4|metric=category_match|method=wilson,ci_low,0.825343,0.773352,
rates_by_run.csv,exp_id=e0_noise|run_id=e0_noise_20260914T115913Z|prompt_version=v1|repeat_idx=4|metric=category_match|method=wilson,ci_high,0.960123,0.930859,
rates_by_run.csv,exp_id=e0_noise|run_id=e0_noise_20260914T115913Z|prompt_version=v1|repeat_idx=4|metric=passed|method=clopper_pearson,k,64,61,
rates_by_run.csv,exp_id=e0_noise|run_id=e0_noise_20260914T115913Z|prompt_version=v1|repeat_idx=4|metric=passed|method=clopper_pearson,estimate,0.914286,0.871429,
rates_by_run.csv,exp_id=e0_noise|run_id=e0_noise_20260914T115913Z|prompt_version=v1|repeat_idx=4|metric=passed|method=clopper_pearson,ci_low,0.822714,0.769912,
rates_by_run.csv,exp_id=e0_noise|run_id=e0_noise_20260914T115913Z|prompt_version=v1|repeat_idx=4|metric=passed|method=clopper_pearson,ci_high,0.967892,0.939487,
rates_by_run.csv,exp_id=e0_noise|run_id=e0_noise_20260914T115913Z|prompt_version=v1|repeat_idx=4|metric=passed|method=wilson,k,64,61,
rates_by_run.csv,exp_id=e0_noise|run_id=e0_noise_20260914T115913Z|prompt_version=v1|repeat_idx=4|metric=passed|method=wilson,estimate,0.914286,0.871429,
rates_by_run.csv,exp_id=e0_noise|run_id=e0_noise_20260914T115913Z|prompt_version=v1|repeat_idx=4|metric=passed|method=wilson,ci_low,0.825343,0.773352,
rates_by_run.csv,exp_id=e0_noise|run_id=e0_noise_20260914T115913Z|prompt_version=v1|repeat_idx=4|metric=passed|method=wilson,ci_high,0.960123,0.930859,
rates_by_run.csv,exp_id=e0_noise|run_id=e0_noise_20260914T115913Z|prompt_version=v1|repeat_idx=pooled|metric=category_match|method=clopper_pearson,k,320,305,
rates_by_run.csv,exp_id=e0_noise|run_id=e0_noise_20260914T115913Z|prompt_version=v1|repeat_idx=pooled|metric=category_match|method=clopper_pearson,estimate,0.914286,0.871429,
rates_by_run.csv,exp_id=e0_noise|run_id=e0_noise_20260914T115913Z|prompt_version=v1|repeat_idx=pooled|metric=category_match|method=clopper_pearson,ci_low,0.879899,0.831766,
rates_by_run.csv,exp_id=e0_noise|run_id=e0_noise_20260914T115913Z|prompt_version=v1|repeat_idx=pooled|metric=category_match|method=clopper_pearson,ci_high,0.941422,0.904651,
rates_by_run.csv,exp_id=e0_noise|run_id=e0_noise_20260914T115913Z|prompt_version=v1|repeat_idx=pooled|metric=category_match|method=wilson,k,320,305,
rates_by_run.csv,exp_id=e0_noise|run_id=e0_noise_20260914T115913Z|prompt_version=v1|repeat_idx=pooled|metric=category_match|method=wilson,estimate,0.914286,0.871429,
rates_by_run.csv,exp_id=e0_noise|run_id=e0_noise_20260914T115913Z|prompt_version=v1|repeat_idx=pooled|metric=category_match|method=wilson,ci_low,0.880275,0.832287,
rates_by_run.csv,exp_id=e0_noise|run_id=e0_noise_20260914T115913Z|prompt_version=v1|repeat_idx=pooled|metric=category_match|method=wilson,ci_high,0.939301,0.902505,
rates_by_run.csv,exp_id=e0_noise|run_id=e0_noise_20260914T115913Z|prompt_version=v1|repeat_idx=pooled|metric=passed|method=clopper_pearson,k,320,305,
rates_by_run.csv,exp_id=e0_noise|run_id=e0_noise_20260914T115913Z|prompt_version=v1|repeat_idx=pooled|metric=passed|method=clopper_pearson,estimate,0.914286,0.871429,
rates_by_run.csv,exp_id=e0_noise|run_id=e0_noise_20260914T115913Z|prompt_version=v1|repeat_idx=pooled|metric=passed|method=clopper_pearson,ci_low,0.879899,0.831766,
rates_by_run.csv,exp_id=e0_noise|run_id=e0_noise_20260914T115913Z|prompt_version=v1|repeat_idx=pooled|metric=passed|method=clopper_pearson,ci_high,0.941422,0.904651,
rates_by_run.csv,exp_id=e0_noise|run_id=e0_noise_20260914T115913Z|prompt_version=v1|repeat_idx=pooled|metric=passed|method=wilson,k,320,305,
rates_by_run.csv,exp_id=e0_noise|run_id=e0_noise_20260914T115913Z|prompt_version=v1|repeat_idx=pooled|metric=passed|method=wilson,estimate,0.914286,0.871429,
rates_by_run.csv,exp_id=e0_noise|run_id=e0_noise_20260914T115913Z|prompt_version=v1|repeat_idx=pooled|metric=passed|method=wilson,ci_low,0.880275,0.832287,
rates_by_run.csv,exp_id=e0_noise|run_id=e0_noise_20260914T115913Z|prompt_version=v1|repeat_idx=pooled|metric=passed|method=wilson,ci_high,0.939301,0.902505,
rates_by_run.csv,exp_id=e1_v2a|run_id=e1_v2a_20260915T153333Z|prompt_version=v2a|repeat_idx=0|metric=category_match|method=clopper_pearson,k,63,60,
rates_by_run.csv,exp_id=e1_v2a|run_id=e1_v2a_20260915T153333Z|prompt_version=v2a|repeat_idx=0|metric=category_match|method=clopper_pearson,estimate,0.900000,0.857143,
rates_by_run.csv,exp_id=e1_v2a|run_id=e1_v2a_20260915T153333Z|prompt_version=v2a|repeat_idx=0|metric=category_match|method=clopper_pearson,ci_low,0.804754,0.752932,
rates_by_run.csv,exp_id=e1_v2a|run_id=e1_v2a_20260915T153333Z|prompt_version=v2a|repeat_idx=0|metric=category_match|method=clopper_pearson,ci_high,0.958840,0.929310,
rates_by_run.csv,exp_id=e1_v2a|run_id=e1_v2a_20260915T153333Z|prompt_version=v2a|repeat_idx=0|metric=category_match|method=wilson,k,63,60,
rates_by_run.csv,exp_id=e1_v2a|run_id=e1_v2a_20260915T153333Z|prompt_version=v2a|repeat_idx=0|metric=category_match|method=wilson,estimate,0.900000,0.857143,
rates_by_run.csv,exp_id=e1_v2a|run_id=e1_v2a_20260915T153333Z|prompt_version=v2a|repeat_idx=0|metric=category_match|method=wilson,ci_low,0.807671,0.756616,
rates_by_run.csv,exp_id=e1_v2a|run_id=e1_v2a_20260915T153333Z|prompt_version=v2a|repeat_idx=0|metric=category_match|method=wilson,ci_high,0.950711,0.920511,
rates_by_run.csv,exp_id=e1_v2a|run_id=e1_v2a_20260915T153333Z|prompt_version=v2a|repeat_idx=0|metric=passed|method=clopper_pearson,k,63,60,
rates_by_run.csv,exp_id=e1_v2a|run_id=e1_v2a_20260915T153333Z|prompt_version=v2a|repeat_idx=0|metric=passed|method=clopper_pearson,estimate,0.900000,0.857143,
rates_by_run.csv,exp_id=e1_v2a|run_id=e1_v2a_20260915T153333Z|prompt_version=v2a|repeat_idx=0|metric=passed|method=clopper_pearson,ci_low,0.804754,0.752932,
rates_by_run.csv,exp_id=e1_v2a|run_id=e1_v2a_20260915T153333Z|prompt_version=v2a|repeat_idx=0|metric=passed|method=clopper_pearson,ci_high,0.958840,0.929310,
rates_by_run.csv,exp_id=e1_v2a|run_id=e1_v2a_20260915T153333Z|prompt_version=v2a|repeat_idx=0|metric=passed|method=wilson,k,63,60,
rates_by_run.csv,exp_id=e1_v2a|run_id=e1_v2a_20260915T153333Z|prompt_version=v2a|repeat_idx=0|metric=passed|method=wilson,estimate,0.900000,0.857143,
rates_by_run.csv,exp_id=e1_v2a|run_id=e1_v2a_20260915T153333Z|prompt_version=v2a|repeat_idx=0|metric=passed|method=wilson,ci_low,0.807671,0.756616,
rates_by_run.csv,exp_id=e1_v2a|run_id=e1_v2a_20260915T153333Z|prompt_version=v2a|repeat_idx=0|metric=passed|method=wilson,ci_high,0.950711,0.920511,
rates_by_run.csv,exp_id=e1_v2a|run_id=e1_v2a_20260915T153333Z|prompt_version=v2a|repeat_idx=1|metric=category_match|method=clopper_pearson,k,65,62,
rates_by_run.csv,exp_id=e1_v2a|run_id=e1_v2a_20260915T153333Z|prompt_version=v2a|repeat_idx=1|metric=category_match|method=clopper_pearson,estimate,0.928571,0.885714,
rates_by_run.csv,exp_id=e1_v2a|run_id=e1_v2a_20260915T153333Z|prompt_version=v2a|repeat_idx=1|metric=category_match|method=clopper_pearson,ci_low,0.841128,0.787172,
rates_by_run.csv,exp_id=e1_v2a|run_id=e1_v2a_20260915T153333Z|prompt_version=v2a|repeat_idx=1|metric=category_match|method=clopper_pearson,ci_high,0.976402,0.949348,
rates_by_run.csv,exp_id=e1_v2a|run_id=e1_v2a_20260915T153333Z|prompt_version=v2a|repeat_idx=1|metric=category_match|method=wilson,k,65,62,
rates_by_run.csv,exp_id=e1_v2a|run_id=e1_v2a_20260915T153333Z|prompt_version=v2a|repeat_idx=1|metric=category_match|method=wilson,estimate,0.928571,0.885714,
rates_by_run.csv,exp_id=e1_v2a|run_id=e1_v2a_20260915T153333Z|prompt_version=v2a|repeat_idx=1|metric=category_match|method=wilson,ci_low,0.843446,0.790358,
rates_by_run.csv,exp_id=e1_v2a|run_id=e1_v2a_20260915T153333Z|prompt_version=v2a|repeat_idx=1|metric=category_match|method=wilson,ci_high,0.969106,0.940939,
rates_by_run.csv,exp_id=e1_v2a|run_id=e1_v2a_20260915T153333Z|prompt_version=v2a|repeat_idx=1|metric=passed|method=clopper_pearson,k,65,62,
rates_by_run.csv,exp_id=e1_v2a|run_id=e1_v2a_20260915T153333Z|prompt_version=v2a|repeat_idx=1|metric=passed|method=clopper_pearson,estimate,0.928571,0.885714,
rates_by_run.csv,exp_id=e1_v2a|run_id=e1_v2a_20260915T153333Z|prompt_version=v2a|repeat_idx=1|metric=passed|method=clopper_pearson,ci_low,0.841128,0.787172,
rates_by_run.csv,exp_id=e1_v2a|run_id=e1_v2a_20260915T153333Z|prompt_version=v2a|repeat_idx=1|metric=passed|method=clopper_pearson,ci_high,0.976402,0.949348,
rates_by_run.csv,exp_id=e1_v2a|run_id=e1_v2a_20260915T153333Z|prompt_version=v2a|repeat_idx=1|metric=passed|method=wilson,k,65,62,
rates_by_run.csv,exp_id=e1_v2a|run_id=e1_v2a_20260915T153333Z|prompt_version=v2a|repeat_idx=1|metric=passed|method=wilson,estimate,0.928571,0.885714,
rates_by_run.csv,exp_id=e1_v2a|run_id=e1_v2a_20260915T153333Z|prompt_version=v2a|repeat_idx=1|metric=passed|method=wilson,ci_low,0.843446,0.790358,
rates_by_run.csv,exp_id=e1_v2a|run_id=e1_v2a_20260915T153333Z|prompt_version=v2a|repeat_idx=1|metric=passed|method=wilson,ci_high,0.969106,0.940939,
rates_by_run.csv,exp_id=e1_v2a|run_id=e1_v2a_20260915T153333Z|prompt_version=v2a|repeat_idx=2|metric=category_match|method=clopper_pearson,k,64,61,
rates_by_run.csv,exp_id=e1_v2a|run_id=e1_v2a_20260915T153333Z|prompt_version=v2a|repeat_idx=2|metric=category_match|method=clopper_pearson,estimate,0.914286,0.871429,
rates_by_run.csv,exp_id=e1_v2a|run_id=e1_v2a_20260915T153333Z|prompt_version=v2a|repeat_idx=2|metric=category_match|method=clopper_pearson,ci_low,0.822714,0.769912,
rates_by_run.csv,exp_id=e1_v2a|run_id=e1_v2a_20260915T153333Z|prompt_version=v2a|repeat_idx=2|metric=category_match|method=clopper_pearson,ci_high,0.967892,0.939487,
rates_by_run.csv,exp_id=e1_v2a|run_id=e1_v2a_20260915T153333Z|prompt_version=v2a|repeat_idx=2|metric=category_match|method=wilson,k,64,61,
rates_by_run.csv,exp_id=e1_v2a|run_id=e1_v2a_20260915T153333Z|prompt_version=v2a|repeat_idx=2|metric=category_match|method=wilson,estimate,0.914286,0.871429,
rates_by_run.csv,exp_id=e1_v2a|run_id=e1_v2a_20260915T153333Z|prompt_version=v2a|repeat_idx=2|metric=category_match|method=wilson,ci_low,0.825343,0.773352,
rates_by_run.csv,exp_id=e1_v2a|run_id=e1_v2a_20260915T153333Z|prompt_version=v2a|repeat_idx=2|metric=category_match|method=wilson,ci_high,0.960123,0.930859,
rates_by_run.csv,exp_id=e1_v2a|run_id=e1_v2a_20260915T153333Z|prompt_version=v2a|repeat_idx=2|metric=passed|method=clopper_pearson,k,63,60,
rates_by_run.csv,exp_id=e1_v2a|run_id=e1_v2a_20260915T153333Z|prompt_version=v2a|repeat_idx=2|metric=passed|method=clopper_pearson,estimate,0.900000,0.857143,
rates_by_run.csv,exp_id=e1_v2a|run_id=e1_v2a_20260915T153333Z|prompt_version=v2a|repeat_idx=2|metric=passed|method=clopper_pearson,ci_low,0.804754,0.752932,
rates_by_run.csv,exp_id=e1_v2a|run_id=e1_v2a_20260915T153333Z|prompt_version=v2a|repeat_idx=2|metric=passed|method=clopper_pearson,ci_high,0.958840,0.929310,
rates_by_run.csv,exp_id=e1_v2a|run_id=e1_v2a_20260915T153333Z|prompt_version=v2a|repeat_idx=2|metric=passed|method=wilson,k,63,60,
rates_by_run.csv,exp_id=e1_v2a|run_id=e1_v2a_20260915T153333Z|prompt_version=v2a|repeat_idx=2|metric=passed|method=wilson,estimate,0.900000,0.857143,
rates_by_run.csv,exp_id=e1_v2a|run_id=e1_v2a_20260915T153333Z|prompt_version=v2a|repeat_idx=2|metric=passed|method=wilson,ci_low,0.807671,0.756616,
rates_by_run.csv,exp_id=e1_v2a|run_id=e1_v2a_20260915T153333Z|prompt_version=v2a|repeat_idx=2|metric=passed|method=wilson,ci_high,0.950711,0.920511,
rates_by_run.csv,exp_id=e1_v2a|run_id=e1_v2a_20260915T153333Z|prompt_version=v2a|repeat_idx=pooled|metric=category_match|method=clopper_pearson,k,192,183,
rates_by_run.csv,exp_id=e1_v2a|run_id=e1_v2a_20260915T153333Z|prompt_version=v2a|repeat_idx=pooled|metric=category_match|method=clopper_pearson,estimate,0.914286,0.871429,
rates_by_run.csv,exp_id=e1_v2a|run_id=e1_v2a_20260915T153333Z|prompt_version=v2a|repeat_idx=pooled|metric=category_match|method=clopper_pearson,ci_low,0.867917,0.818472,
rates_by_run.csv,exp_id=e1_v2a|run_id=e1_v2a_20260915T153333Z|prompt_version=v2a|repeat_idx=pooled|metric=category_match|method=clopper_pearson,ci_high,0.948408,0.913532,
rates_by_run.csv,exp_id=e1_v2a|run_id=e1_v2a_20260915T153333Z|prompt_version=v2a|repeat_idx=pooled|metric=category_match|method=wilson,k,192,183,
rates_by_run.csv,exp_id=e1_v2a|run_id=e1_v2a_20260915T153333Z|prompt_version=v2a|repeat_idx=pooled|metric=category_match|method=wilson,estimate,0.914286,0.871429,
rates_by_run.csv,exp_id=e1_v2a|run_id=e1_v2a_20260915T153333Z|prompt_version=v2a|repeat_idx=pooled|metric=category_match|method=wilson,ci_low,0.868592,0.819400,
rates_by_run.csv,exp_id=e1_v2a|run_id=e1_v2a_20260915T153333Z|prompt_version=v2a|repeat_idx=pooled|metric=category_match|method=wilson,ci_high,0.945095,0.910113,
rates_by_run.csv,exp_id=e1_v2a|run_id=e1_v2a_20260915T153333Z|prompt_version=v2a|repeat_idx=pooled|metric=passed|method=clopper_pearson,k,191,182,
rates_by_run.csv,exp_id=e1_v2a|run_id=e1_v2a_20260915T153333Z|prompt_version=v2a|repeat_idx=pooled|metric=passed|method=clopper_pearson,estimate,0.909524,0.866667,
rates_by_run.csv,exp_id=e1_v2a|run_id=e1_v2a_20260915T153333Z|prompt_version=v2a|repeat_idx=pooled|metric=passed|method=clopper_pearson,ci_low,0.862317,0.813091,
rates_by_run.csv,exp_id=e1_v2a|run_id=e1_v2a_20260915T153333Z|prompt_version=v2a|repeat_idx=pooled|metric=passed|method=clopper_pearson,ci_high,0.944646,0.909539,
rates_by_run.csv,exp_id=e1_v2a|run_id=e1_v2a_20260915T153333Z|prompt_version=v2a|repeat_idx=pooled|metric=passed|method=wilson,k,191,182,
rates_by_run.csv,exp_id=e1_v2a|run_id=e1_v2a_20260915T153333Z|prompt_version=v2a|repeat_idx=pooled|metric=passed|method=wilson,estimate,0.909524,0.866667,
rates_by_run.csv,exp_id=e1_v2a|run_id=e1_v2a_20260915T153333Z|prompt_version=v2a|repeat_idx=pooled|metric=passed|method=wilson,ci_low,0.863021,0.814045,
rates_by_run.csv,exp_id=e1_v2a|run_id=e1_v2a_20260915T153333Z|prompt_version=v2a|repeat_idx=pooled|metric=passed|method=wilson,ci_high,0.941313,0.906115,
rates_by_run.csv,exp_id=e1_v2b|run_id=e1_v2b_20260915T153711Z|prompt_version=v2b|repeat_idx=0|metric=category_match|method=clopper_pearson,k,65,62,
rates_by_run.csv,exp_id=e1_v2b|run_id=e1_v2b_20260915T153711Z|prompt_version=v2b|repeat_idx=0|metric=category_match|method=clopper_pearson,estimate,0.928571,0.885714,
rates_by_run.csv,exp_id=e1_v2b|run_id=e1_v2b_20260915T153711Z|prompt_version=v2b|repeat_idx=0|metric=category_match|method=clopper_pearson,ci_low,0.841128,0.787172,
rates_by_run.csv,exp_id=e1_v2b|run_id=e1_v2b_20260915T153711Z|prompt_version=v2b|repeat_idx=0|metric=category_match|method=clopper_pearson,ci_high,0.976402,0.949348,
rates_by_run.csv,exp_id=e1_v2b|run_id=e1_v2b_20260915T153711Z|prompt_version=v2b|repeat_idx=0|metric=category_match|method=wilson,k,65,62,
rates_by_run.csv,exp_id=e1_v2b|run_id=e1_v2b_20260915T153711Z|prompt_version=v2b|repeat_idx=0|metric=category_match|method=wilson,estimate,0.928571,0.885714,
rates_by_run.csv,exp_id=e1_v2b|run_id=e1_v2b_20260915T153711Z|prompt_version=v2b|repeat_idx=0|metric=category_match|method=wilson,ci_low,0.843446,0.790358,
rates_by_run.csv,exp_id=e1_v2b|run_id=e1_v2b_20260915T153711Z|prompt_version=v2b|repeat_idx=0|metric=category_match|method=wilson,ci_high,0.969106,0.940939,
rates_by_run.csv,exp_id=e1_v2b|run_id=e1_v2b_20260915T153711Z|prompt_version=v2b|repeat_idx=0|metric=passed|method=clopper_pearson,k,64,61,
rates_by_run.csv,exp_id=e1_v2b|run_id=e1_v2b_20260915T153711Z|prompt_version=v2b|repeat_idx=0|metric=passed|method=clopper_pearson,estimate,0.914286,0.871429,
rates_by_run.csv,exp_id=e1_v2b|run_id=e1_v2b_20260915T153711Z|prompt_version=v2b|repeat_idx=0|metric=passed|method=clopper_pearson,ci_low,0.822714,0.769912,
rates_by_run.csv,exp_id=e1_v2b|run_id=e1_v2b_20260915T153711Z|prompt_version=v2b|repeat_idx=0|metric=passed|method=clopper_pearson,ci_high,0.967892,0.939487,
rates_by_run.csv,exp_id=e1_v2b|run_id=e1_v2b_20260915T153711Z|prompt_version=v2b|repeat_idx=0|metric=passed|method=wilson,k,64,61,
rates_by_run.csv,exp_id=e1_v2b|run_id=e1_v2b_20260915T153711Z|prompt_version=v2b|repeat_idx=0|metric=passed|method=wilson,estimate,0.914286,0.871429,
rates_by_run.csv,exp_id=e1_v2b|run_id=e1_v2b_20260915T153711Z|prompt_version=v2b|repeat_idx=0|metric=passed|method=wilson,ci_low,0.825343,0.773352,
rates_by_run.csv,exp_id=e1_v2b|run_id=e1_v2b_20260915T153711Z|prompt_version=v2b|repeat_idx=0|metric=passed|method=wilson,ci_high,0.960123,0.930859,
rates_by_run.csv,exp_id=e1_v2b|run_id=e1_v2b_20260915T153711Z|prompt_version=v2b|repeat_idx=1|metric=category_match|method=clopper_pearson,k,64,63,
rates_by_run.csv,exp_id=e1_v2b|run_id=e1_v2b_20260915T153711Z|prompt_version=v2b|repeat_idx=1|metric=category_match|method=clopper_pearson,estimate,0.914286,0.900000,
rates_by_run.csv,exp_id=e1_v2b|run_id=e1_v2b_20260915T153711Z|prompt_version=v2b|repeat_idx=1|metric=category_match|method=clopper_pearson,ci_low,0.822714,0.804754,
rates_by_run.csv,exp_id=e1_v2b|run_id=e1_v2b_20260915T153711Z|prompt_version=v2b|repeat_idx=1|metric=category_match|method=clopper_pearson,ci_high,0.967892,0.958840,
rates_by_run.csv,exp_id=e1_v2b|run_id=e1_v2b_20260915T153711Z|prompt_version=v2b|repeat_idx=1|metric=category_match|method=wilson,k,64,63,
rates_by_run.csv,exp_id=e1_v2b|run_id=e1_v2b_20260915T153711Z|prompt_version=v2b|repeat_idx=1|metric=category_match|method=wilson,estimate,0.914286,0.900000,
rates_by_run.csv,exp_id=e1_v2b|run_id=e1_v2b_20260915T153711Z|prompt_version=v2b|repeat_idx=1|metric=category_match|method=wilson,ci_low,0.825343,0.807671,
rates_by_run.csv,exp_id=e1_v2b|run_id=e1_v2b_20260915T153711Z|prompt_version=v2b|repeat_idx=1|metric=category_match|method=wilson,ci_high,0.960123,0.950711,
rates_by_run.csv,exp_id=e1_v2b|run_id=e1_v2b_20260915T153711Z|prompt_version=v2b|repeat_idx=1|metric=passed|method=clopper_pearson,k,64,63,
rates_by_run.csv,exp_id=e1_v2b|run_id=e1_v2b_20260915T153711Z|prompt_version=v2b|repeat_idx=1|metric=passed|method=clopper_pearson,estimate,0.914286,0.900000,
rates_by_run.csv,exp_id=e1_v2b|run_id=e1_v2b_20260915T153711Z|prompt_version=v2b|repeat_idx=1|metric=passed|method=clopper_pearson,ci_low,0.822714,0.804754,
rates_by_run.csv,exp_id=e1_v2b|run_id=e1_v2b_20260915T153711Z|prompt_version=v2b|repeat_idx=1|metric=passed|method=clopper_pearson,ci_high,0.967892,0.958840,
rates_by_run.csv,exp_id=e1_v2b|run_id=e1_v2b_20260915T153711Z|prompt_version=v2b|repeat_idx=1|metric=passed|method=wilson,k,64,63,
rates_by_run.csv,exp_id=e1_v2b|run_id=e1_v2b_20260915T153711Z|prompt_version=v2b|repeat_idx=1|metric=passed|method=wilson,estimate,0.914286,0.900000,
rates_by_run.csv,exp_id=e1_v2b|run_id=e1_v2b_20260915T153711Z|prompt_version=v2b|repeat_idx=1|metric=passed|method=wilson,ci_low,0.825343,0.807671,
rates_by_run.csv,exp_id=e1_v2b|run_id=e1_v2b_20260915T153711Z|prompt_version=v2b|repeat_idx=1|metric=passed|method=wilson,ci_high,0.960123,0.950711,
rates_by_run.csv,exp_id=e1_v2b|run_id=e1_v2b_20260915T153711Z|prompt_version=v2b|repeat_idx=2|metric=category_match|method=clopper_pearson,k,64,63,
rates_by_run.csv,exp_id=e1_v2b|run_id=e1_v2b_20260915T153711Z|prompt_version=v2b|repeat_idx=2|metric=category_match|method=clopper_pearson,estimate,0.914286,0.900000,
rates_by_run.csv,exp_id=e1_v2b|run_id=e1_v2b_20260915T153711Z|prompt_version=v2b|repeat_idx=2|metric=category_match|method=clopper_pearson,ci_low,0.822714,0.804754,
rates_by_run.csv,exp_id=e1_v2b|run_id=e1_v2b_20260915T153711Z|prompt_version=v2b|repeat_idx=2|metric=category_match|method=clopper_pearson,ci_high,0.967892,0.958840,
rates_by_run.csv,exp_id=e1_v2b|run_id=e1_v2b_20260915T153711Z|prompt_version=v2b|repeat_idx=2|metric=category_match|method=wilson,k,64,63,
rates_by_run.csv,exp_id=e1_v2b|run_id=e1_v2b_20260915T153711Z|prompt_version=v2b|repeat_idx=2|metric=category_match|method=wilson,estimate,0.914286,0.900000,
rates_by_run.csv,exp_id=e1_v2b|run_id=e1_v2b_20260915T153711Z|prompt_version=v2b|repeat_idx=2|metric=category_match|method=wilson,ci_low,0.825343,0.807671,
rates_by_run.csv,exp_id=e1_v2b|run_id=e1_v2b_20260915T153711Z|prompt_version=v2b|repeat_idx=2|metric=category_match|method=wilson,ci_high,0.960123,0.950711,
rates_by_run.csv,exp_id=e1_v2b|run_id=e1_v2b_20260915T153711Z|prompt_version=v2b|repeat_idx=2|metric=passed|method=clopper_pearson,k,64,63,
rates_by_run.csv,exp_id=e1_v2b|run_id=e1_v2b_20260915T153711Z|prompt_version=v2b|repeat_idx=2|metric=passed|method=clopper_pearson,estimate,0.914286,0.900000,
rates_by_run.csv,exp_id=e1_v2b|run_id=e1_v2b_20260915T153711Z|prompt_version=v2b|repeat_idx=2|metric=passed|method=clopper_pearson,ci_low,0.822714,0.804754,
rates_by_run.csv,exp_id=e1_v2b|run_id=e1_v2b_20260915T153711Z|prompt_version=v2b|repeat_idx=2|metric=passed|method=clopper_pearson,ci_high,0.967892,0.958840,
rates_by_run.csv,exp_id=e1_v2b|run_id=e1_v2b_20260915T153711Z|prompt_version=v2b|repeat_idx=2|metric=passed|method=wilson,k,64,63,
rates_by_run.csv,exp_id=e1_v2b|run_id=e1_v2b_20260915T153711Z|prompt_version=v2b|repeat_idx=2|metric=passed|method=wilson,estimate,0.914286,0.900000,
rates_by_run.csv,exp_id=e1_v2b|run_id=e1_v2b_20260915T153711Z|prompt_version=v2b|repeat_idx=2|metric=passed|method=wilson,ci_low,0.825343,0.807671,
rates_by_run.csv,exp_id=e1_v2b|run_id=e1_v2b_20260915T153711Z|prompt_version=v2b|repeat_idx=2|metric=passed|method=wilson,ci_high,0.960123,0.950711,
rates_by_run.csv,exp_id=e1_v2b|run_id=e1_v2b_20260915T153711Z|prompt_version=v2b|repeat_idx=pooled|metric=category_match|method=clopper_pearson,k,193,188,
rates_by_run.csv,exp_id=e1_v2b|run_id=e1_v2b_20260915T153711Z|prompt_version=v2b|repeat_idx=pooled|metric=category_match|method=clopper_pearson,estimate,0.919048,0.895238,
rates_by_run.csv,exp_id=e1_v2b|run_id=e1_v2b_20260915T153711Z|prompt_version=v2b|repeat_idx=pooled|metric=category_match|method=clopper_pearson,ci_low,0.873551,0.845691,
rates_by_run.csv,exp_id=e1_v2b|run_id=e1_v2b_20260915T153711Z|prompt_version=v2b|repeat_idx=pooled|metric=category_match|method=clopper_pearson,ci_high,0.952136,0.933173,
rates_by_run.csv,exp_id=e1_v2b|run_id=e1_v2b_20260915T153711Z|prompt_version=v2b|repeat_idx=pooled|metric=category_match|method=wilson,k,193,188,
rates_by_run.csv,exp_id=e1_v2b|run_id=e1_v2b_20260915T153711Z|prompt_version=v2b|repeat_idx=pooled|metric=category_match|method=wilson,estimate,0.919048,0.895238,
rates_by_run.csv,exp_id=e1_v2b|run_id=e1_v2b_20260915T153711Z|prompt_version=v2b|repeat_idx=pooled|metric=category_match|method=wilson,ci_low,0.874195,0.846482,
rates_by_run.csv,exp_id=e1_v2b|run_id=e1_v2b_20260915T153711Z|prompt_version=v2b|repeat_idx=pooled|metric=category_match|method=wilson,ci_high,0.948845,0.929794,
rates_by_run.csv,exp_id=e1_v2b|run_id=e1_v2b_20260915T153711Z|prompt_version=v2b|repeat_idx=pooled|metric=passed|method=clopper_pearson,k,192,187,
rates_by_run.csv,exp_id=e1_v2b|run_id=e1_v2b_20260915T153711Z|prompt_version=v2b|repeat_idx=pooled|metric=passed|method=clopper_pearson,estimate,0.914286,0.890476,
rates_by_run.csv,exp_id=e1_v2b|run_id=e1_v2b_20260915T153711Z|prompt_version=v2b|repeat_idx=pooled|metric=passed|method=clopper_pearson,ci_low,0.867917,0.840202,
rates_by_run.csv,exp_id=e1_v2b|run_id=e1_v2b_20260915T153711Z|prompt_version=v2b|repeat_idx=pooled|metric=passed|method=clopper_pearson,ci_high,0.948408,0.929292,
rates_by_run.csv,exp_id=e1_v2b|run_id=e1_v2b_20260915T153711Z|prompt_version=v2b|repeat_idx=pooled|metric=passed|method=wilson,k,192,187,
rates_by_run.csv,exp_id=e1_v2b|run_id=e1_v2b_20260915T153711Z|prompt_version=v2b|repeat_idx=pooled|metric=passed|method=wilson,estimate,0.914286,0.890476,
rates_by_run.csv,exp_id=e1_v2b|run_id=e1_v2b_20260915T153711Z|prompt_version=v2b|repeat_idx=pooled|metric=passed|method=wilson,ci_low,0.868592,0.841021,
rates_by_run.csv,exp_id=e1_v2b|run_id=e1_v2b_20260915T153711Z|prompt_version=v2b|repeat_idx=pooled|metric=passed|method=wilson,ci_high,0.945095,0.925902,
rates_by_run.csv,exp_id=e1_v2c|run_id=e1_v2c_20260915T154039Z|prompt_version=v2c|repeat_idx=0|metric=category_match|method=clopper_pearson,k,57,56,
rates_by_run.csv,exp_id=e1_v2c|run_id=e1_v2c_20260915T154039Z|prompt_version=v2c|repeat_idx=0|metric=category_match|method=clopper_pearson,estimate,0.814286,0.800000,
rates_by_run.csv,exp_id=e1_v2c|run_id=e1_v2c_20260915T154039Z|prompt_version=v2c|repeat_idx=0|metric=category_match|method=clopper_pearson,ci_low,0.703385,0.687264,
rates_by_run.csv,exp_id=e1_v2c|run_id=e1_v2c_20260915T154039Z|prompt_version=v2c|repeat_idx=0|metric=category_match|method=clopper_pearson,ci_high,0.897239,0.886120,
rates_by_run.csv,exp_id=e1_v2c|run_id=e1_v2c_20260915T154039Z|prompt_version=v2c|repeat_idx=0|metric=category_match|method=wilson,k,57,56,
rates_by_run.csv,exp_id=e1_v2c|run_id=e1_v2c_20260915T154039Z|prompt_version=v2c|repeat_idx=0|metric=category_match|method=wilson,estimate,0.814286,0.800000,
rates_by_run.csv,exp_id=e1_v2c|run_id=e1_v2c_20260915T154039Z|prompt_version=v2c|repeat_idx=0|metric=category_match|method=wilson,ci_low,0.707744,0.691834,
rates_by_run.csv,exp_id=e1_v2c|run_id=e1_v2c_20260915T154039Z|prompt_version=v2c|repeat_idx=0|metric=category_match|method=wilson,ci_high,0.888127,0.876953,
rates_by_run.csv,exp_id=e1_v2c|run_id=e1_v2c_20260915T154039Z|prompt_version=v2c|repeat_idx=0|metric=passed|method=clopper_pearson,k,57,56,
rates_by_run.csv,exp_id=e1_v2c|run_id=e1_v2c_20260915T154039Z|prompt_version=v2c|repeat_idx=0|metric=passed|method=clopper_pearson,estimate,0.814286,0.800000,
rates_by_run.csv,exp_id=e1_v2c|run_id=e1_v2c_20260915T154039Z|prompt_version=v2c|repeat_idx=0|metric=passed|method=clopper_pearson,ci_low,0.703385,0.687264,
rates_by_run.csv,exp_id=e1_v2c|run_id=e1_v2c_20260915T154039Z|prompt_version=v2c|repeat_idx=0|metric=passed|method=clopper_pearson,ci_high,0.897239,0.886120,
rates_by_run.csv,exp_id=e1_v2c|run_id=e1_v2c_20260915T154039Z|prompt_version=v2c|repeat_idx=0|metric=passed|method=wilson,k,57,56,
rates_by_run.csv,exp_id=e1_v2c|run_id=e1_v2c_20260915T154039Z|prompt_version=v2c|repeat_idx=0|metric=passed|method=wilson,estimate,0.814286,0.800000,
rates_by_run.csv,exp_id=e1_v2c|run_id=e1_v2c_20260915T154039Z|prompt_version=v2c|repeat_idx=0|metric=passed|method=wilson,ci_low,0.707744,0.691834,
rates_by_run.csv,exp_id=e1_v2c|run_id=e1_v2c_20260915T154039Z|prompt_version=v2c|repeat_idx=0|metric=passed|method=wilson,ci_high,0.888127,0.876953,
rates_by_run.csv,exp_id=e1_v2c|run_id=e1_v2c_20260915T154039Z|prompt_version=v2c|repeat_idx=1|metric=category_match|method=clopper_pearson,k,57,56,
rates_by_run.csv,exp_id=e1_v2c|run_id=e1_v2c_20260915T154039Z|prompt_version=v2c|repeat_idx=1|metric=category_match|method=clopper_pearson,estimate,0.814286,0.800000,
rates_by_run.csv,exp_id=e1_v2c|run_id=e1_v2c_20260915T154039Z|prompt_version=v2c|repeat_idx=1|metric=category_match|method=clopper_pearson,ci_low,0.703385,0.687264,
rates_by_run.csv,exp_id=e1_v2c|run_id=e1_v2c_20260915T154039Z|prompt_version=v2c|repeat_idx=1|metric=category_match|method=clopper_pearson,ci_high,0.897239,0.886120,
rates_by_run.csv,exp_id=e1_v2c|run_id=e1_v2c_20260915T154039Z|prompt_version=v2c|repeat_idx=1|metric=category_match|method=wilson,k,57,56,
rates_by_run.csv,exp_id=e1_v2c|run_id=e1_v2c_20260915T154039Z|prompt_version=v2c|repeat_idx=1|metric=category_match|method=wilson,estimate,0.814286,0.800000,
rates_by_run.csv,exp_id=e1_v2c|run_id=e1_v2c_20260915T154039Z|prompt_version=v2c|repeat_idx=1|metric=category_match|method=wilson,ci_low,0.707744,0.691834,
rates_by_run.csv,exp_id=e1_v2c|run_id=e1_v2c_20260915T154039Z|prompt_version=v2c|repeat_idx=1|metric=category_match|method=wilson,ci_high,0.888127,0.876953,
rates_by_run.csv,exp_id=e1_v2c|run_id=e1_v2c_20260915T154039Z|prompt_version=v2c|repeat_idx=1|metric=passed|method=clopper_pearson,k,57,56,
rates_by_run.csv,exp_id=e1_v2c|run_id=e1_v2c_20260915T154039Z|prompt_version=v2c|repeat_idx=1|metric=passed|method=clopper_pearson,estimate,0.814286,0.800000,
rates_by_run.csv,exp_id=e1_v2c|run_id=e1_v2c_20260915T154039Z|prompt_version=v2c|repeat_idx=1|metric=passed|method=clopper_pearson,ci_low,0.703385,0.687264,
rates_by_run.csv,exp_id=e1_v2c|run_id=e1_v2c_20260915T154039Z|prompt_version=v2c|repeat_idx=1|metric=passed|method=clopper_pearson,ci_high,0.897239,0.886120,
rates_by_run.csv,exp_id=e1_v2c|run_id=e1_v2c_20260915T154039Z|prompt_version=v2c|repeat_idx=1|metric=passed|method=wilson,k,57,56,
rates_by_run.csv,exp_id=e1_v2c|run_id=e1_v2c_20260915T154039Z|prompt_version=v2c|repeat_idx=1|metric=passed|method=wilson,estimate,0.814286,0.800000,
rates_by_run.csv,exp_id=e1_v2c|run_id=e1_v2c_20260915T154039Z|prompt_version=v2c|repeat_idx=1|metric=passed|method=wilson,ci_low,0.707744,0.691834,
rates_by_run.csv,exp_id=e1_v2c|run_id=e1_v2c_20260915T154039Z|prompt_version=v2c|repeat_idx=1|metric=passed|method=wilson,ci_high,0.888127,0.876953,
rates_by_run.csv,exp_id=e1_v2c|run_id=e1_v2c_20260915T154039Z|prompt_version=v2c|repeat_idx=2|metric=category_match|method=clopper_pearson,k,55,54,
rates_by_run.csv,exp_id=e1_v2c|run_id=e1_v2c_20260915T154039Z|prompt_version=v2c|repeat_idx=2|metric=category_match|method=clopper_pearson,estimate,0.785714,0.771429,
rates_by_run.csv,exp_id=e1_v2c|run_id=e1_v2c_20260915T154039Z|prompt_version=v2c|repeat_idx=2|metric=category_match|method=clopper_pearson,ci_low,0.671315,0.655525,
rates_by_run.csv,exp_id=e1_v2c|run_id=e1_v2c_20260915T154039Z|prompt_version=v2c|repeat_idx=2|metric=category_match|method=clopper_pearson,ci_high,0.874816,0.863343,
rates_by_run.csv,exp_id=e1_v2c|run_id=e1_v2c_20260915T154039Z|prompt_version=v2c|repeat_idx=2|metric=category_match|method=wilson,k,55,54,
rates_by_run.csv,exp_id=e1_v2c|run_id=e1_v2c_20260915T154039Z|prompt_version=v2c|repeat_idx=2|metric=category_match|method=wilson,estimate,0.785714,0.771429,
rates_by_run.csv,exp_id=e1_v2c|run_id=e1_v2c_20260915T154039Z|prompt_version=v2c|repeat_idx=2|metric=category_match|method=wilson,ci_low,0.676088,0.660497,
rates_by_run.csv,exp_id=e1_v2c|run_id=e1_v2c_20260915T154039Z|prompt_version=v2c|repeat_idx=2|metric=category_match|method=wilson,ci_high,0.865613,0.854119,
rates_by_run.csv,exp_id=e1_v2c|run_id=e1_v2c_20260915T154039Z|prompt_version=v2c|repeat_idx=2|metric=passed|method=clopper_pearson,k,55,54,
rates_by_run.csv,exp_id=e1_v2c|run_id=e1_v2c_20260915T154039Z|prompt_version=v2c|repeat_idx=2|metric=passed|method=clopper_pearson,estimate,0.785714,0.771429,
rates_by_run.csv,exp_id=e1_v2c|run_id=e1_v2c_20260915T154039Z|prompt_version=v2c|repeat_idx=2|metric=passed|method=clopper_pearson,ci_low,0.671315,0.655525,
rates_by_run.csv,exp_id=e1_v2c|run_id=e1_v2c_20260915T154039Z|prompt_version=v2c|repeat_idx=2|metric=passed|method=clopper_pearson,ci_high,0.874816,0.863343,
rates_by_run.csv,exp_id=e1_v2c|run_id=e1_v2c_20260915T154039Z|prompt_version=v2c|repeat_idx=2|metric=passed|method=wilson,k,55,54,
rates_by_run.csv,exp_id=e1_v2c|run_id=e1_v2c_20260915T154039Z|prompt_version=v2c|repeat_idx=2|metric=passed|method=wilson,estimate,0.785714,0.771429,
rates_by_run.csv,exp_id=e1_v2c|run_id=e1_v2c_20260915T154039Z|prompt_version=v2c|repeat_idx=2|metric=passed|method=wilson,ci_low,0.676088,0.660497,
rates_by_run.csv,exp_id=e1_v2c|run_id=e1_v2c_20260915T154039Z|prompt_version=v2c|repeat_idx=2|metric=passed|method=wilson,ci_high,0.865613,0.854119,
rates_by_run.csv,exp_id=e1_v2c|run_id=e1_v2c_20260915T154039Z|prompt_version=v2c|repeat_idx=pooled|metric=category_match|method=clopper_pearson,k,169,166,
rates_by_run.csv,exp_id=e1_v2c|run_id=e1_v2c_20260915T154039Z|prompt_version=v2c|repeat_idx=pooled|metric=category_match|method=clopper_pearson,estimate,0.804762,0.790476,
rates_by_run.csv,exp_id=e1_v2c|run_id=e1_v2c_20260915T154039Z|prompt_version=v2c|repeat_idx=pooled|metric=category_match|method=clopper_pearson,ci_low,0.744603,0.729118,
rates_by_run.csv,exp_id=e1_v2c|run_id=e1_v2c_20260915T154039Z|prompt_version=v2c|repeat_idx=pooled|metric=category_match|method=clopper_pearson,ci_high,0.856100,0.843439,
rates_by_run.csv,exp_id=e1_v2c|run_id=e1_v2c_20260915T154039Z|prompt_version=v2c|repeat_idx=pooled|metric=category_match|method=wilson,k,169,166,
rates_by_run.csv,exp_id=e1_v2c|run_id=e1_v2c_20260915T154039Z|prompt_version=v2c|repeat_idx=pooled|metric=category_match|method=wilson,estimate,0.804762,0.790476,
rates_by_run.csv,exp_id=e1_v2c|run_id=e1_v2c_20260915T154039Z|prompt_version=v2c|repeat_idx=pooled|metric=category_match|method=wilson,ci_low,0.745878,0.730463,
rates_by_run.csv,exp_id=e1_v2c|run_id=e1_v2c_20260915T154039Z|prompt_version=v2c|repeat_idx=pooled|metric=category_match|method=wilson,ci_high,0.852696,0.840053,
rates_by_run.csv,exp_id=e1_v2c|run_id=e1_v2c_20260915T154039Z|prompt_version=v2c|repeat_idx=pooled|metric=passed|method=clopper_pearson,k,169,166,
rates_by_run.csv,exp_id=e1_v2c|run_id=e1_v2c_20260915T154039Z|prompt_version=v2c|repeat_idx=pooled|metric=passed|method=clopper_pearson,estimate,0.804762,0.790476,
rates_by_run.csv,exp_id=e1_v2c|run_id=e1_v2c_20260915T154039Z|prompt_version=v2c|repeat_idx=pooled|metric=passed|method=clopper_pearson,ci_low,0.744603,0.729118,
rates_by_run.csv,exp_id=e1_v2c|run_id=e1_v2c_20260915T154039Z|prompt_version=v2c|repeat_idx=pooled|metric=passed|method=clopper_pearson,ci_high,0.856100,0.843439,
rates_by_run.csv,exp_id=e1_v2c|run_id=e1_v2c_20260915T154039Z|prompt_version=v2c|repeat_idx=pooled|metric=passed|method=wilson,k,169,166,
rates_by_run.csv,exp_id=e1_v2c|run_id=e1_v2c_20260915T154039Z|prompt_version=v2c|repeat_idx=pooled|metric=passed|method=wilson,estimate,0.804762,0.790476,
rates_by_run.csv,exp_id=e1_v2c|run_id=e1_v2c_20260915T154039Z|prompt_version=v2c|repeat_idx=pooled|metric=passed|method=wilson,ci_low,0.745878,0.730463,
rates_by_run.csv,exp_id=e1_v2c|run_id=e1_v2c_20260915T154039Z|prompt_version=v2c|repeat_idx=pooled|metric=passed|method=wilson,ci_high,0.852696,0.840053,
rates_by_run.csv,exp_id=e1_v2d|run_id=e1_v2d_20260915T154407Z|prompt_version=v2d|repeat_idx=0|metric=category_match|method=clopper_pearson,k,64,61,
rates_by_run.csv,exp_id=e1_v2d|run_id=e1_v2d_20260915T154407Z|prompt_version=v2d|repeat_idx=0|metric=category_match|method=clopper_pearson,estimate,0.914286,0.871429,
rates_by_run.csv,exp_id=e1_v2d|run_id=e1_v2d_20260915T154407Z|prompt_version=v2d|repeat_idx=0|metric=category_match|method=clopper_pearson,ci_low,0.822714,0.769912,
rates_by_run.csv,exp_id=e1_v2d|run_id=e1_v2d_20260915T154407Z|prompt_version=v2d|repeat_idx=0|metric=category_match|method=clopper_pearson,ci_high,0.967892,0.939487,
rates_by_run.csv,exp_id=e1_v2d|run_id=e1_v2d_20260915T154407Z|prompt_version=v2d|repeat_idx=0|metric=category_match|method=wilson,k,64,61,
rates_by_run.csv,exp_id=e1_v2d|run_id=e1_v2d_20260915T154407Z|prompt_version=v2d|repeat_idx=0|metric=category_match|method=wilson,estimate,0.914286,0.871429,
rates_by_run.csv,exp_id=e1_v2d|run_id=e1_v2d_20260915T154407Z|prompt_version=v2d|repeat_idx=0|metric=category_match|method=wilson,ci_low,0.825343,0.773352,
rates_by_run.csv,exp_id=e1_v2d|run_id=e1_v2d_20260915T154407Z|prompt_version=v2d|repeat_idx=0|metric=category_match|method=wilson,ci_high,0.960123,0.930859,
rates_by_run.csv,exp_id=e1_v2d|run_id=e1_v2d_20260915T154407Z|prompt_version=v2d|repeat_idx=0|metric=passed|method=clopper_pearson,k,64,61,
rates_by_run.csv,exp_id=e1_v2d|run_id=e1_v2d_20260915T154407Z|prompt_version=v2d|repeat_idx=0|metric=passed|method=clopper_pearson,estimate,0.914286,0.871429,
rates_by_run.csv,exp_id=e1_v2d|run_id=e1_v2d_20260915T154407Z|prompt_version=v2d|repeat_idx=0|metric=passed|method=clopper_pearson,ci_low,0.822714,0.769912,
rates_by_run.csv,exp_id=e1_v2d|run_id=e1_v2d_20260915T154407Z|prompt_version=v2d|repeat_idx=0|metric=passed|method=clopper_pearson,ci_high,0.967892,0.939487,
rates_by_run.csv,exp_id=e1_v2d|run_id=e1_v2d_20260915T154407Z|prompt_version=v2d|repeat_idx=0|metric=passed|method=wilson,k,64,61,
rates_by_run.csv,exp_id=e1_v2d|run_id=e1_v2d_20260915T154407Z|prompt_version=v2d|repeat_idx=0|metric=passed|method=wilson,estimate,0.914286,0.871429,
rates_by_run.csv,exp_id=e1_v2d|run_id=e1_v2d_20260915T154407Z|prompt_version=v2d|repeat_idx=0|metric=passed|method=wilson,ci_low,0.825343,0.773352,
rates_by_run.csv,exp_id=e1_v2d|run_id=e1_v2d_20260915T154407Z|prompt_version=v2d|repeat_idx=0|metric=passed|method=wilson,ci_high,0.960123,0.930859,
rates_by_run.csv,exp_id=e1_v2d|run_id=e1_v2d_20260915T154407Z|prompt_version=v2d|repeat_idx=1|metric=category_match|method=clopper_pearson,k,64,61,
rates_by_run.csv,exp_id=e1_v2d|run_id=e1_v2d_20260915T154407Z|prompt_version=v2d|repeat_idx=1|metric=category_match|method=clopper_pearson,estimate,0.914286,0.871429,
rates_by_run.csv,exp_id=e1_v2d|run_id=e1_v2d_20260915T154407Z|prompt_version=v2d|repeat_idx=1|metric=category_match|method=clopper_pearson,ci_low,0.822714,0.769912,
rates_by_run.csv,exp_id=e1_v2d|run_id=e1_v2d_20260915T154407Z|prompt_version=v2d|repeat_idx=1|metric=category_match|method=clopper_pearson,ci_high,0.967892,0.939487,
rates_by_run.csv,exp_id=e1_v2d|run_id=e1_v2d_20260915T154407Z|prompt_version=v2d|repeat_idx=1|metric=category_match|method=wilson,k,64,61,
rates_by_run.csv,exp_id=e1_v2d|run_id=e1_v2d_20260915T154407Z|prompt_version=v2d|repeat_idx=1|metric=category_match|method=wilson,estimate,0.914286,0.871429,
rates_by_run.csv,exp_id=e1_v2d|run_id=e1_v2d_20260915T154407Z|prompt_version=v2d|repeat_idx=1|metric=category_match|method=wilson,ci_low,0.825343,0.773352,
rates_by_run.csv,exp_id=e1_v2d|run_id=e1_v2d_20260915T154407Z|prompt_version=v2d|repeat_idx=1|metric=category_match|method=wilson,ci_high,0.960123,0.930859,
rates_by_run.csv,exp_id=e1_v2d|run_id=e1_v2d_20260915T154407Z|prompt_version=v2d|repeat_idx=1|metric=passed|method=clopper_pearson,k,64,61,
rates_by_run.csv,exp_id=e1_v2d|run_id=e1_v2d_20260915T154407Z|prompt_version=v2d|repeat_idx=1|metric=passed|method=clopper_pearson,estimate,0.914286,0.871429,
rates_by_run.csv,exp_id=e1_v2d|run_id=e1_v2d_20260915T154407Z|prompt_version=v2d|repeat_idx=1|metric=passed|method=clopper_pearson,ci_low,0.822714,0.769912,
rates_by_run.csv,exp_id=e1_v2d|run_id=e1_v2d_20260915T154407Z|prompt_version=v2d|repeat_idx=1|metric=passed|method=clopper_pearson,ci_high,0.967892,0.939487,
rates_by_run.csv,exp_id=e1_v2d|run_id=e1_v2d_20260915T154407Z|prompt_version=v2d|repeat_idx=1|metric=passed|method=wilson,k,64,61,
rates_by_run.csv,exp_id=e1_v2d|run_id=e1_v2d_20260915T154407Z|prompt_version=v2d|repeat_idx=1|metric=passed|method=wilson,estimate,0.914286,0.871429,
rates_by_run.csv,exp_id=e1_v2d|run_id=e1_v2d_20260915T154407Z|prompt_version=v2d|repeat_idx=1|metric=passed|method=wilson,ci_low,0.825343,0.773352,
rates_by_run.csv,exp_id=e1_v2d|run_id=e1_v2d_20260915T154407Z|prompt_version=v2d|repeat_idx=1|metric=passed|method=wilson,ci_high,0.960123,0.930859,
rates_by_run.csv,exp_id=e1_v2d|run_id=e1_v2d_20260915T154407Z|prompt_version=v2d|repeat_idx=2|metric=category_match|method=clopper_pearson,k,65,62,
rates_by_run.csv,exp_id=e1_v2d|run_id=e1_v2d_20260915T154407Z|prompt_version=v2d|repeat_idx=2|metric=category_match|method=clopper_pearson,estimate,0.928571,0.885714,
rates_by_run.csv,exp_id=e1_v2d|run_id=e1_v2d_20260915T154407Z|prompt_version=v2d|repeat_idx=2|metric=category_match|method=clopper_pearson,ci_low,0.841128,0.787172,
rates_by_run.csv,exp_id=e1_v2d|run_id=e1_v2d_20260915T154407Z|prompt_version=v2d|repeat_idx=2|metric=category_match|method=clopper_pearson,ci_high,0.976402,0.949348,
rates_by_run.csv,exp_id=e1_v2d|run_id=e1_v2d_20260915T154407Z|prompt_version=v2d|repeat_idx=2|metric=category_match|method=wilson,k,65,62,
rates_by_run.csv,exp_id=e1_v2d|run_id=e1_v2d_20260915T154407Z|prompt_version=v2d|repeat_idx=2|metric=category_match|method=wilson,estimate,0.928571,0.885714,
rates_by_run.csv,exp_id=e1_v2d|run_id=e1_v2d_20260915T154407Z|prompt_version=v2d|repeat_idx=2|metric=category_match|method=wilson,ci_low,0.843446,0.790358,
rates_by_run.csv,exp_id=e1_v2d|run_id=e1_v2d_20260915T154407Z|prompt_version=v2d|repeat_idx=2|metric=category_match|method=wilson,ci_high,0.969106,0.940939,
rates_by_run.csv,exp_id=e1_v2d|run_id=e1_v2d_20260915T154407Z|prompt_version=v2d|repeat_idx=2|metric=passed|method=clopper_pearson,k,65,62,
rates_by_run.csv,exp_id=e1_v2d|run_id=e1_v2d_20260915T154407Z|prompt_version=v2d|repeat_idx=2|metric=passed|method=clopper_pearson,estimate,0.928571,0.885714,
rates_by_run.csv,exp_id=e1_v2d|run_id=e1_v2d_20260915T154407Z|prompt_version=v2d|repeat_idx=2|metric=passed|method=clopper_pearson,ci_low,0.841128,0.787172,
rates_by_run.csv,exp_id=e1_v2d|run_id=e1_v2d_20260915T154407Z|prompt_version=v2d|repeat_idx=2|metric=passed|method=clopper_pearson,ci_high,0.976402,0.949348,
rates_by_run.csv,exp_id=e1_v2d|run_id=e1_v2d_20260915T154407Z|prompt_version=v2d|repeat_idx=2|metric=passed|method=wilson,k,65,62,
rates_by_run.csv,exp_id=e1_v2d|run_id=e1_v2d_20260915T154407Z|prompt_version=v2d|repeat_idx=2|metric=passed|method=wilson,estimate,0.928571,0.885714,
rates_by_run.csv,exp_id=e1_v2d|run_id=e1_v2d_20260915T154407Z|prompt_version=v2d|repeat_idx=2|metric=passed|method=wilson,ci_low,0.843446,0.790358,
rates_by_run.csv,exp_id=e1_v2d|run_id=e1_v2d_20260915T154407Z|prompt_version=v2d|repeat_idx=2|metric=passed|method=wilson,ci_high,0.969106,0.940939,
rates_by_run.csv,exp_id=e1_v2d|run_id=e1_v2d_20260915T154407Z|prompt_version=v2d|repeat_idx=pooled|metric=category_match|method=clopper_pearson,k,193,184,
rates_by_run.csv,exp_id=e1_v2d|run_id=e1_v2d_20260915T154407Z|prompt_version=v2d|repeat_idx=pooled|metric=category_match|method=clopper_pearson,estimate,0.919048,0.876190,
rates_by_run.csv,exp_id=e1_v2d|run_id=e1_v2d_20260915T154407Z|prompt_version=v2d|repeat_idx=pooled|metric=category_match|method=clopper_pearson,ci_low,0.873551,0.823873,
rates_by_run.csv,exp_id=e1_v2d|run_id=e1_v2d_20260915T154407Z|prompt_version=v2d|repeat_idx=pooled|metric=category_match|method=clopper_pearson,ci_high,0.952136,0.917506,
rates_by_run.csv,exp_id=e1_v2d|run_id=e1_v2d_20260915T154407Z|prompt_version=v2d|repeat_idx=pooled|metric=category_match|method=wilson,k,193,184,
rates_by_run.csv,exp_id=e1_v2d|run_id=e1_v2d_20260915T154407Z|prompt_version=v2d|repeat_idx=pooled|metric=category_match|method=wilson,estimate,0.919048,0.876190,
rates_by_run.csv,exp_id=e1_v2d|run_id=e1_v2d_20260915T154407Z|prompt_version=v2d|repeat_idx=pooled|metric=category_match|method=wilson,ci_low,0.874195,0.824774,
rates_by_run.csv,exp_id=e1_v2d|run_id=e1_v2d_20260915T154407Z|prompt_version=v2d|repeat_idx=pooled|metric=category_match|method=wilson,ci_high,0.948845,0.914092,
rates_by_run.csv,exp_id=e1_v2d|run_id=e1_v2d_20260915T154407Z|prompt_version=v2d|repeat_idx=pooled|metric=passed|method=clopper_pearson,k,193,184,
rates_by_run.csv,exp_id=e1_v2d|run_id=e1_v2d_20260915T154407Z|prompt_version=v2d|repeat_idx=pooled|metric=passed|method=clopper_pearson,estimate,0.919048,0.876190,
rates_by_run.csv,exp_id=e1_v2d|run_id=e1_v2d_20260915T154407Z|prompt_version=v2d|repeat_idx=pooled|metric=passed|method=clopper_pearson,ci_low,0.873551,0.823873,
rates_by_run.csv,exp_id=e1_v2d|run_id=e1_v2d_20260915T154407Z|prompt_version=v2d|repeat_idx=pooled|metric=passed|method=clopper_pearson,ci_high,0.952136,0.917506,
rates_by_run.csv,exp_id=e1_v2d|run_id=e1_v2d_20260915T154407Z|prompt_version=v2d|repeat_idx=pooled|metric=passed|method=wilson,k,193,184,
rates_by_run.csv,exp_id=e1_v2d|run_id=e1_v2d_20260915T154407Z|prompt_version=v2d|repeat_idx=pooled|metric=passed|method=wilson,estimate,0.919048,0.876190,
rates_by_run.csv,exp_id=e1_v2d|run_id=e1_v2d_20260915T154407Z|prompt_version=v2d|repeat_idx=pooled|metric=passed|method=wilson,ci_low,0.874195,0.824774,
rates_by_run.csv,exp_id=e1_v2d|run_id=e1_v2d_20260915T154407Z|prompt_version=v2d|repeat_idx=pooled|metric=passed|method=wilson,ci_high,0.948845,0.914092,
rates_run_spread.csv,exp_id=e0_noise|run_id=e0_noise_20260914T115913Z|prompt_version=v1|metric=category_match,mean,0.914286,0.871429,
rates_run_spread.csv,exp_id=e0_noise|run_id=e0_noise_20260914T115913Z|prompt_version=v1|metric=category_match,min,0.914286,0.871429,
rates_run_spread.csv,exp_id=e0_noise|run_id=e0_noise_20260914T115913Z|prompt_version=v1|metric=category_match,max,0.914286,0.871429,
rates_run_spread.csv,exp_id=e0_noise|run_id=e0_noise_20260914T115913Z|prompt_version=v1|metric=passed,mean,0.914286,0.871429,
rates_run_spread.csv,exp_id=e0_noise|run_id=e0_noise_20260914T115913Z|prompt_version=v1|metric=passed,min,0.914286,0.871429,
rates_run_spread.csv,exp_id=e0_noise|run_id=e0_noise_20260914T115913Z|prompt_version=v1|metric=passed,max,0.914286,0.871429,
rates_run_spread.csv,exp_id=e1_v2a|run_id=e1_v2a_20260915T153333Z|prompt_version=v2a|metric=category_match,mean,0.914286,0.871429,
rates_run_spread.csv,exp_id=e1_v2a|run_id=e1_v2a_20260915T153333Z|prompt_version=v2a|metric=category_match,min,0.900000,0.857143,
rates_run_spread.csv,exp_id=e1_v2a|run_id=e1_v2a_20260915T153333Z|prompt_version=v2a|metric=category_match,max,0.928571,0.885714,
rates_run_spread.csv,exp_id=e1_v2a|run_id=e1_v2a_20260915T153333Z|prompt_version=v2a|metric=passed,mean,0.909524,0.866667,
rates_run_spread.csv,exp_id=e1_v2a|run_id=e1_v2a_20260915T153333Z|prompt_version=v2a|metric=passed,min,0.900000,0.857143,
rates_run_spread.csv,exp_id=e1_v2a|run_id=e1_v2a_20260915T153333Z|prompt_version=v2a|metric=passed,max,0.928571,0.885714,
rates_run_spread.csv,exp_id=e1_v2b|run_id=e1_v2b_20260915T153711Z|prompt_version=v2b|metric=category_match,mean,0.919048,0.895238,
rates_run_spread.csv,exp_id=e1_v2b|run_id=e1_v2b_20260915T153711Z|prompt_version=v2b|metric=category_match,min,0.914286,0.885714,
rates_run_spread.csv,exp_id=e1_v2b|run_id=e1_v2b_20260915T153711Z|prompt_version=v2b|metric=category_match,max,0.928571,0.900000,
rates_run_spread.csv,exp_id=e1_v2b|run_id=e1_v2b_20260915T153711Z|prompt_version=v2b|metric=passed,mean,0.914286,0.890476,
rates_run_spread.csv,exp_id=e1_v2b|run_id=e1_v2b_20260915T153711Z|prompt_version=v2b|metric=passed,sd_sample,0.000000,0.016496,
rates_run_spread.csv,exp_id=e1_v2b|run_id=e1_v2b_20260915T153711Z|prompt_version=v2b|metric=passed,min,0.914286,0.871429,
rates_run_spread.csv,exp_id=e1_v2b|run_id=e1_v2b_20260915T153711Z|prompt_version=v2b|metric=passed,max,0.914286,0.900000,
rates_run_spread.csv,exp_id=e1_v2b|run_id=e1_v2b_20260915T153711Z|prompt_version=v2b|metric=passed,range,0.000000,0.028571,
rates_run_spread.csv,exp_id=e1_v2b|run_id=e1_v2b_20260915T153711Z|prompt_version=v2b|metric=passed,max_pairwise_abs_delta,0.000000,0.028571,
rates_run_spread.csv,exp_id=e1_v2c|run_id=e1_v2c_20260915T154039Z|prompt_version=v2c|metric=category_match,mean,0.804762,0.790476,
rates_run_spread.csv,exp_id=e1_v2c|run_id=e1_v2c_20260915T154039Z|prompt_version=v2c|metric=category_match,min,0.785714,0.771429,
rates_run_spread.csv,exp_id=e1_v2c|run_id=e1_v2c_20260915T154039Z|prompt_version=v2c|metric=category_match,max,0.814286,0.800000,
rates_run_spread.csv,exp_id=e1_v2c|run_id=e1_v2c_20260915T154039Z|prompt_version=v2c|metric=passed,mean,0.804762,0.790476,
rates_run_spread.csv,exp_id=e1_v2c|run_id=e1_v2c_20260915T154039Z|prompt_version=v2c|metric=passed,min,0.785714,0.771429,
rates_run_spread.csv,exp_id=e1_v2c|run_id=e1_v2c_20260915T154039Z|prompt_version=v2c|metric=passed,max,0.814286,0.800000,
rates_run_spread.csv,exp_id=e1_v2d|run_id=e1_v2d_20260915T154407Z|prompt_version=v2d|metric=category_match,mean,0.919048,0.876190,
rates_run_spread.csv,exp_id=e1_v2d|run_id=e1_v2d_20260915T154407Z|prompt_version=v2d|metric=category_match,min,0.914286,0.871429,
rates_run_spread.csv,exp_id=e1_v2d|run_id=e1_v2d_20260915T154407Z|prompt_version=v2d|metric=category_match,max,0.928571,0.885714,
rates_run_spread.csv,exp_id=e1_v2d|run_id=e1_v2d_20260915T154407Z|prompt_version=v2d|metric=passed,mean,0.919048,0.876190,
rates_run_spread.csv,exp_id=e1_v2d|run_id=e1_v2d_20260915T154407Z|prompt_version=v2d|metric=passed,min,0.914286,0.871429,
rates_run_spread.csv,exp_id=e1_v2d|run_id=e1_v2d_20260915T154407Z|prompt_version=v2d|metric=passed,max,0.928571,0.885714,
per_case_instability.csv,exp_id=e0_noise|run_id=e0_noise_20260914T115913Z|prompt_version=v1|metric=category_match|case_id=case-015,k,5,0,
per_case_instability.csv,exp_id=e0_noise|run_id=e0_noise_20260914T115913Z|prompt_version=v1|metric=category_match|case_id=case-015,rate,1.000000,0.000000,
per_case_instability.csv,exp_id=e0_noise|run_id=e0_noise_20260914T115913Z|prompt_version=v1|metric=category_match|case_id=case-020,k,0,5,
per_case_instability.csv,exp_id=e0_noise|run_id=e0_noise_20260914T115913Z|prompt_version=v1|metric=category_match|case_id=case-020,rate,0.000000,1.000000,
per_case_instability.csv,exp_id=e0_noise|run_id=e0_noise_20260914T115913Z|prompt_version=v1|metric=category_match|case_id=case-021,k,5,0,
per_case_instability.csv,exp_id=e0_noise|run_id=e0_noise_20260914T115913Z|prompt_version=v1|metric=category_match|case_id=case-021,rate,1.000000,0.000000,
per_case_instability.csv,exp_id=e0_noise|run_id=e0_noise_20260914T115913Z|prompt_version=v1|metric=category_match|case_id=case-051,k,5,0,
per_case_instability.csv,exp_id=e0_noise|run_id=e0_noise_20260914T115913Z|prompt_version=v1|metric=category_match|case_id=case-051,rate,1.000000,0.000000,
per_case_instability.csv,exp_id=e0_noise|run_id=e0_noise_20260914T115913Z|prompt_version=v1|metric=category_match|case_id=case-054,k,5,0,
per_case_instability.csv,exp_id=e0_noise|run_id=e0_noise_20260914T115913Z|prompt_version=v1|metric=category_match|case_id=case-054,rate,1.000000,0.000000,
per_case_instability.csv,exp_id=e0_noise|run_id=e0_noise_20260914T115913Z|prompt_version=v1|metric=passed|case_id=case-015,k,5,0,
per_case_instability.csv,exp_id=e0_noise|run_id=e0_noise_20260914T115913Z|prompt_version=v1|metric=passed|case_id=case-015,rate,1.000000,0.000000,
per_case_instability.csv,exp_id=e0_noise|run_id=e0_noise_20260914T115913Z|prompt_version=v1|metric=passed|case_id=case-020,k,0,5,
per_case_instability.csv,exp_id=e0_noise|run_id=e0_noise_20260914T115913Z|prompt_version=v1|metric=passed|case_id=case-020,rate,0.000000,1.000000,
per_case_instability.csv,exp_id=e0_noise|run_id=e0_noise_20260914T115913Z|prompt_version=v1|metric=passed|case_id=case-021,k,5,0,
per_case_instability.csv,exp_id=e0_noise|run_id=e0_noise_20260914T115913Z|prompt_version=v1|metric=passed|case_id=case-021,rate,1.000000,0.000000,
per_case_instability.csv,exp_id=e0_noise|run_id=e0_noise_20260914T115913Z|prompt_version=v1|metric=passed|case_id=case-051,k,5,0,
per_case_instability.csv,exp_id=e0_noise|run_id=e0_noise_20260914T115913Z|prompt_version=v1|metric=passed|case_id=case-051,rate,1.000000,0.000000,
per_case_instability.csv,exp_id=e0_noise|run_id=e0_noise_20260914T115913Z|prompt_version=v1|metric=passed|case_id=case-054,k,5,0,
per_case_instability.csv,exp_id=e0_noise|run_id=e0_noise_20260914T115913Z|prompt_version=v1|metric=passed|case_id=case-054,rate,1.000000,0.000000,
per_case_instability.csv,exp_id=e1_v2a|run_id=e1_v2a_20260915T153333Z|prompt_version=v2a|metric=category_match|case_id=case-015,k,3,0,
per_case_instability.csv,exp_id=e1_v2a|run_id=e1_v2a_20260915T153333Z|prompt_version=v2a|metric=category_match|case_id=case-015,rate,1.000000,0.000000,
per_case_instability.csv,exp_id=e1_v2a|run_id=e1_v2a_20260915T153333Z|prompt_version=v2a|metric=category_match|case_id=case-020,k,0,3,
per_case_instability.csv,exp_id=e1_v2a|run_id=e1_v2a_20260915T153333Z|prompt_version=v2a|metric=category_match|case_id=case-020,rate,0.000000,1.000000,
per_case_instability.csv,exp_id=e1_v2a|run_id=e1_v2a_20260915T153333Z|prompt_version=v2a|metric=category_match|case_id=case-021,k,3,0,
per_case_instability.csv,exp_id=e1_v2a|run_id=e1_v2a_20260915T153333Z|prompt_version=v2a|metric=category_match|case_id=case-021,rate,1.000000,0.000000,
per_case_instability.csv,exp_id=e1_v2a|run_id=e1_v2a_20260915T153333Z|prompt_version=v2a|metric=category_match|case_id=case-051,k,3,0,
per_case_instability.csv,exp_id=e1_v2a|run_id=e1_v2a_20260915T153333Z|prompt_version=v2a|metric=category_match|case_id=case-051,rate,1.000000,0.000000,
per_case_instability.csv,exp_id=e1_v2a|run_id=e1_v2a_20260915T153333Z|prompt_version=v2a|metric=category_match|case_id=case-054,k,3,0,
per_case_instability.csv,exp_id=e1_v2a|run_id=e1_v2a_20260915T153333Z|prompt_version=v2a|metric=category_match|case_id=case-054,rate,1.000000,0.000000,
per_case_instability.csv,exp_id=e1_v2a|run_id=e1_v2a_20260915T153333Z|prompt_version=v2a|metric=passed|case_id=case-015,k,3,0,
per_case_instability.csv,exp_id=e1_v2a|run_id=e1_v2a_20260915T153333Z|prompt_version=v2a|metric=passed|case_id=case-015,rate,1.000000,0.000000,
per_case_instability.csv,exp_id=e1_v2a|run_id=e1_v2a_20260915T153333Z|prompt_version=v2a|metric=passed|case_id=case-020,k,0,3,
per_case_instability.csv,exp_id=e1_v2a|run_id=e1_v2a_20260915T153333Z|prompt_version=v2a|metric=passed|case_id=case-020,rate,0.000000,1.000000,
per_case_instability.csv,exp_id=e1_v2a|run_id=e1_v2a_20260915T153333Z|prompt_version=v2a|metric=passed|case_id=case-021,k,3,0,
per_case_instability.csv,exp_id=e1_v2a|run_id=e1_v2a_20260915T153333Z|prompt_version=v2a|metric=passed|case_id=case-021,rate,1.000000,0.000000,
per_case_instability.csv,exp_id=e1_v2a|run_id=e1_v2a_20260915T153333Z|prompt_version=v2a|metric=passed|case_id=case-051,k,3,0,
per_case_instability.csv,exp_id=e1_v2a|run_id=e1_v2a_20260915T153333Z|prompt_version=v2a|metric=passed|case_id=case-051,rate,1.000000,0.000000,
per_case_instability.csv,exp_id=e1_v2a|run_id=e1_v2a_20260915T153333Z|prompt_version=v2a|metric=passed|case_id=case-054,k,3,0,
per_case_instability.csv,exp_id=e1_v2a|run_id=e1_v2a_20260915T153333Z|prompt_version=v2a|metric=passed|case_id=case-054,rate,1.000000,0.000000,
per_case_instability.csv,exp_id=e1_v2b|run_id=e1_v2b_20260915T153711Z|prompt_version=v2b|metric=category_match|case_id=case-015,k,3,0,
per_case_instability.csv,exp_id=e1_v2b|run_id=e1_v2b_20260915T153711Z|prompt_version=v2b|metric=category_match|case_id=case-015,rate,1.000000,0.000000,
per_case_instability.csv,exp_id=e1_v2b|run_id=e1_v2b_20260915T153711Z|prompt_version=v2b|metric=category_match|case_id=case-020,k,0,3,
per_case_instability.csv,exp_id=e1_v2b|run_id=e1_v2b_20260915T153711Z|prompt_version=v2b|metric=category_match|case_id=case-020,rate,0.000000,1.000000,
per_case_instability.csv,exp_id=e1_v2b|run_id=e1_v2b_20260915T153711Z|prompt_version=v2b|metric=category_match|case_id=case-021,k,3,0,
per_case_instability.csv,exp_id=e1_v2b|run_id=e1_v2b_20260915T153711Z|prompt_version=v2b|metric=category_match|case_id=case-021,rate,1.000000,0.000000,
per_case_instability.csv,exp_id=e1_v2b|run_id=e1_v2b_20260915T153711Z|prompt_version=v2b|metric=category_match|case_id=case-051,k,3,0,
per_case_instability.csv,exp_id=e1_v2b|run_id=e1_v2b_20260915T153711Z|prompt_version=v2b|metric=category_match|case_id=case-051,rate,1.000000,0.000000,
per_case_instability.csv,exp_id=e1_v2b|run_id=e1_v2b_20260915T153711Z|prompt_version=v2b|metric=category_match|case_id=case-054,k,1,2,
per_case_instability.csv,exp_id=e1_v2b|run_id=e1_v2b_20260915T153711Z|prompt_version=v2b|metric=category_match|case_id=case-054,rate,0.333333,0.666667,
per_case_instability.csv,exp_id=e1_v2b|run_id=e1_v2b_20260915T153711Z|prompt_version=v2b|metric=passed|case_id=case-015,k,3,0,
per_case_instability.csv,exp_id=e1_v2b|run_id=e1_v2b_20260915T153711Z|prompt_version=v2b|metric=passed|case_id=case-015,rate,1.000000,0.000000,
per_case_instability.csv,exp_id=e1_v2b|run_id=e1_v2b_20260915T153711Z|prompt_version=v2b|metric=passed|case_id=case-020,k,0,3,
per_case_instability.csv,exp_id=e1_v2b|run_id=e1_v2b_20260915T153711Z|prompt_version=v2b|metric=passed|case_id=case-020,rate,0.000000,1.000000,
per_case_instability.csv,exp_id=e1_v2b|run_id=e1_v2b_20260915T153711Z|prompt_version=v2b|metric=passed|case_id=case-021,k,3,0,
per_case_instability.csv,exp_id=e1_v2b|run_id=e1_v2b_20260915T153711Z|prompt_version=v2b|metric=passed|case_id=case-021,rate,1.000000,0.000000,
per_case_instability.csv,exp_id=e1_v2b|run_id=e1_v2b_20260915T153711Z|prompt_version=v2b|metric=passed|case_id=case-051,k,3,0,
per_case_instability.csv,exp_id=e1_v2b|run_id=e1_v2b_20260915T153711Z|prompt_version=v2b|metric=passed|case_id=case-051,rate,1.000000,0.000000,
per_case_instability.csv,exp_id=e1_v2b|run_id=e1_v2b_20260915T153711Z|prompt_version=v2b|metric=passed|case_id=case-054,k,1,2,
per_case_instability.csv,exp_id=e1_v2b|run_id=e1_v2b_20260915T153711Z|prompt_version=v2b|metric=passed|case_id=case-054,rate,0.333333,0.666667,
per_case_instability.csv,exp_id=e1_v2c|run_id=e1_v2c_20260915T154039Z|prompt_version=v2c|metric=category_match|case_id=case-015,k,3,0,
per_case_instability.csv,exp_id=e1_v2c|run_id=e1_v2c_20260915T154039Z|prompt_version=v2c|metric=category_match|case_id=case-015,rate,1.000000,0.000000,
per_case_instability.csv,exp_id=e1_v2c|run_id=e1_v2c_20260915T154039Z|prompt_version=v2c|metric=category_match|case_id=case-020,k,0,3,
per_case_instability.csv,exp_id=e1_v2c|run_id=e1_v2c_20260915T154039Z|prompt_version=v2c|metric=category_match|case_id=case-020,rate,0.000000,1.000000,
per_case_instability.csv,exp_id=e1_v2c|run_id=e1_v2c_20260915T154039Z|prompt_version=v2c|metric=category_match|case_id=case-021,k,3,0,
per_case_instability.csv,exp_id=e1_v2c|run_id=e1_v2c_20260915T154039Z|prompt_version=v2c|metric=category_match|case_id=case-021,rate,1.000000,0.000000,
per_case_instability.csv,exp_id=e1_v2c|run_id=e1_v2c_20260915T154039Z|prompt_version=v2c|metric=category_match|case_id=case-051,k,3,0,
per_case_instability.csv,exp_id=e1_v2c|run_id=e1_v2c_20260915T154039Z|prompt_version=v2c|metric=category_match|case_id=case-051,rate,1.000000,0.000000,
per_case_instability.csv,exp_id=e1_v2c|run_id=e1_v2c_20260915T154039Z|prompt_version=v2c|metric=category_match|case_id=case-054,k,0,3,
per_case_instability.csv,exp_id=e1_v2c|run_id=e1_v2c_20260915T154039Z|prompt_version=v2c|metric=category_match|case_id=case-054,rate,0.000000,1.000000,
per_case_instability.csv,exp_id=e1_v2c|run_id=e1_v2c_20260915T154039Z|prompt_version=v2c|metric=passed|case_id=case-015,k,3,0,
per_case_instability.csv,exp_id=e1_v2c|run_id=e1_v2c_20260915T154039Z|prompt_version=v2c|metric=passed|case_id=case-015,rate,1.000000,0.000000,
per_case_instability.csv,exp_id=e1_v2c|run_id=e1_v2c_20260915T154039Z|prompt_version=v2c|metric=passed|case_id=case-020,k,0,3,
per_case_instability.csv,exp_id=e1_v2c|run_id=e1_v2c_20260915T154039Z|prompt_version=v2c|metric=passed|case_id=case-020,rate,0.000000,1.000000,
per_case_instability.csv,exp_id=e1_v2c|run_id=e1_v2c_20260915T154039Z|prompt_version=v2c|metric=passed|case_id=case-021,k,3,0,
per_case_instability.csv,exp_id=e1_v2c|run_id=e1_v2c_20260915T154039Z|prompt_version=v2c|metric=passed|case_id=case-021,rate,1.000000,0.000000,
per_case_instability.csv,exp_id=e1_v2c|run_id=e1_v2c_20260915T154039Z|prompt_version=v2c|metric=passed|case_id=case-051,k,3,0,
per_case_instability.csv,exp_id=e1_v2c|run_id=e1_v2c_20260915T154039Z|prompt_version=v2c|metric=passed|case_id=case-051,rate,1.000000,0.000000,
per_case_instability.csv,exp_id=e1_v2c|run_id=e1_v2c_20260915T154039Z|prompt_version=v2c|metric=passed|case_id=case-054,k,0,3,
per_case_instability.csv,exp_id=e1_v2c|run_id=e1_v2c_20260915T154039Z|prompt_version=v2c|metric=passed|case_id=case-054,rate,0.000000,1.000000,
per_case_instability.csv,exp_id=e1_v2d|run_id=e1_v2d_20260915T154407Z|prompt_version=v2d|metric=category_match|case_id=case-015,k,3,0,
per_case_instability.csv,exp_id=e1_v2d|run_id=e1_v2d_20260915T154407Z|prompt_version=v2d|metric=category_match|case_id=case-015,rate,1.000000,0.000000,
per_case_instability.csv,exp_id=e1_v2d|run_id=e1_v2d_20260915T154407Z|prompt_version=v2d|metric=category_match|case_id=case-020,k,0,3,
per_case_instability.csv,exp_id=e1_v2d|run_id=e1_v2d_20260915T154407Z|prompt_version=v2d|metric=category_match|case_id=case-020,rate,0.000000,1.000000,
per_case_instability.csv,exp_id=e1_v2d|run_id=e1_v2d_20260915T154407Z|prompt_version=v2d|metric=category_match|case_id=case-021,k,3,0,
per_case_instability.csv,exp_id=e1_v2d|run_id=e1_v2d_20260915T154407Z|prompt_version=v2d|metric=category_match|case_id=case-021,rate,1.000000,0.000000,
per_case_instability.csv,exp_id=e1_v2d|run_id=e1_v2d_20260915T154407Z|prompt_version=v2d|metric=category_match|case_id=case-051,k,3,0,
per_case_instability.csv,exp_id=e1_v2d|run_id=e1_v2d_20260915T154407Z|prompt_version=v2d|metric=category_match|case_id=case-051,rate,1.000000,0.000000,
per_case_instability.csv,exp_id=e1_v2d|run_id=e1_v2d_20260915T154407Z|prompt_version=v2d|metric=category_match|case_id=case-054,k,3,0,
per_case_instability.csv,exp_id=e1_v2d|run_id=e1_v2d_20260915T154407Z|prompt_version=v2d|metric=category_match|case_id=case-054,rate,1.000000,0.000000,
per_case_instability.csv,exp_id=e1_v2d|run_id=e1_v2d_20260915T154407Z|prompt_version=v2d|metric=passed|case_id=case-015,k,3,0,
per_case_instability.csv,exp_id=e1_v2d|run_id=e1_v2d_20260915T154407Z|prompt_version=v2d|metric=passed|case_id=case-015,rate,1.000000,0.000000,
per_case_instability.csv,exp_id=e1_v2d|run_id=e1_v2d_20260915T154407Z|prompt_version=v2d|metric=passed|case_id=case-020,k,0,3,
per_case_instability.csv,exp_id=e1_v2d|run_id=e1_v2d_20260915T154407Z|prompt_version=v2d|metric=passed|case_id=case-020,rate,0.000000,1.000000,
per_case_instability.csv,exp_id=e1_v2d|run_id=e1_v2d_20260915T154407Z|prompt_version=v2d|metric=passed|case_id=case-021,k,3,0,
per_case_instability.csv,exp_id=e1_v2d|run_id=e1_v2d_20260915T154407Z|prompt_version=v2d|metric=passed|case_id=case-021,rate,1.000000,0.000000,
per_case_instability.csv,exp_id=e1_v2d|run_id=e1_v2d_20260915T154407Z|prompt_version=v2d|metric=passed|case_id=case-051,k,3,0,
per_case_instability.csv,exp_id=e1_v2d|run_id=e1_v2d_20260915T154407Z|prompt_version=v2d|metric=passed|case_id=case-051,rate,1.000000,0.000000,
per_case_instability.csv,exp_id=e1_v2d|run_id=e1_v2d_20260915T154407Z|prompt_version=v2d|metric=passed|case_id=case-054,k,3,0,
per_case_instability.csv,exp_id=e1_v2d|run_id=e1_v2d_20260915T154407Z|prompt_version=v2d|metric=passed|case_id=case-054,rate,1.000000,0.000000,
rates_by_stratum.csv,exp_id=e0_noise|run_id=e0_noise_20260914T115913Z|prompt_version=v1|stratum_kind=difficulty|stratum=ambiguous|metric=category_match|method=wilson,k,80,75,
rates_by_stratum.csv,exp_id=e0_noise|run_id=e0_noise_20260914T115913Z|prompt_version=v1|stratum_kind=difficulty|stratum=ambiguous|metric=category_match|method=wilson,estimate,0.941176,0.882353,
rates_by_stratum.csv,exp_id=e0_noise|run_id=e0_noise_20260914T115913Z|prompt_version=v1|stratum_kind=difficulty|stratum=ambiguous|metric=category_match|method=wilson,ci_low,0.869586,0.796814,
rates_by_stratum.csv,exp_id=e0_noise|run_id=e0_noise_20260914T115913Z|prompt_version=v1|stratum_kind=difficulty|stratum=ambiguous|metric=category_match|method=wilson,ci_high,0.974615,0.934826,
rates_by_stratum.csv,exp_id=e0_noise|run_id=e0_noise_20260914T115913Z|prompt_version=v1|stratum_kind=difficulty|stratum=ambiguous|metric=passed|method=wilson,k,80,75,
rates_by_stratum.csv,exp_id=e0_noise|run_id=e0_noise_20260914T115913Z|prompt_version=v1|stratum_kind=difficulty|stratum=ambiguous|metric=passed|method=wilson,estimate,0.941176,0.882353,
rates_by_stratum.csv,exp_id=e0_noise|run_id=e0_noise_20260914T115913Z|prompt_version=v1|stratum_kind=difficulty|stratum=ambiguous|metric=passed|method=wilson,ci_low,0.869586,0.796814,
rates_by_stratum.csv,exp_id=e0_noise|run_id=e0_noise_20260914T115913Z|prompt_version=v1|stratum_kind=difficulty|stratum=ambiguous|metric=passed|method=wilson,ci_high,0.974615,0.934826,
rates_by_stratum.csv,exp_id=e0_noise|run_id=e0_noise_20260914T115913Z|prompt_version=v1|stratum_kind=difficulty|stratum=easy|metric=category_match|method=wilson,k,220,210,
rates_by_stratum.csv,exp_id=e0_noise|run_id=e0_noise_20260914T115913Z|prompt_version=v1|stratum_kind=difficulty|stratum=easy|metric=category_match|method=wilson,estimate,0.977778,0.933333,
rates_by_stratum.csv,exp_id=e0_noise|run_id=e0_noise_20260914T115913Z|prompt_version=v1|stratum_kind=difficulty|stratum=easy|metric=category_match|method=wilson,ci_low,0.949044,0.892932,
rates_by_stratum.csv,exp_id=e0_noise|run_id=e0_noise_20260914T115913Z|prompt_version=v1|stratum_kind=difficulty|stratum=easy|metric=category_match|method=wilson,ci_high,0.990472,0.959186,
rates_by_stratum.csv,exp_id=e0_noise|run_id=e0_noise_20260914T115913Z|prompt_version=v1|stratum_kind=difficulty|stratum=easy|metric=passed|method=wilson,k,220,210,
rates_by_stratum.csv,exp_id=e0_noise|run_id=e0_noise_20260914T115913Z|prompt_version=v1|stratum_kind=difficulty|stratum=easy|metric=passed|method=wilson,estimate,0.977778,0.933333,
rates_by_stratum.csv,exp_id=e0_noise|run_id=e0_noise_20260914T115913Z|prompt_version=v1|stratum_kind=difficulty|stratum=easy|metric=passed|method=wilson,ci_low,0.949044,0.892932,
rates_by_stratum.csv,exp_id=e0_noise|run_id=e0_noise_20260914T115913Z|prompt_version=v1|stratum_kind=difficulty|stratum=easy|metric=passed|method=wilson,ci_high,0.990472,0.959186,
rates_by_stratum.csv,exp_id=e0_noise|run_id=e0_noise_20260914T115913Z|prompt_version=v1|stratum_kind=language|stratum=en|metric=category_match|method=wilson,k,130,120,
rates_by_stratum.csv,exp_id=e0_noise|run_id=e0_noise_20260914T115913Z|prompt_version=v1|stratum_kind=language|stratum=en|metric=category_match|method=wilson,estimate,0.928571,0.857143,
rates_by_stratum.csv,exp_id=e0_noise|run_id=e0_noise_20260914T115913Z|prompt_version=v1|stratum_kind=language|stratum=en|metric=category_match|method=wilson,ci_low,0.873510,0.789630,
rates_by_stratum.csv,exp_id=e0_noise|run_id=e0_noise_20260914T115913Z|prompt_version=v1|stratum_kind=language|stratum=en|metric=category_match|method=wilson,ci_high,0.960742,0.905580,
rates_by_stratum.csv,exp_id=e0_noise|run_id=e0_noise_20260914T115913Z|prompt_version=v1|stratum_kind=language|stratum=en|metric=passed|method=wilson,k,130,120,
rates_by_stratum.csv,exp_id=e0_noise|run_id=e0_noise_20260914T115913Z|prompt_version=v1|stratum_kind=language|stratum=en|metric=passed|method=wilson,estimate,0.928571,0.857143,
rates_by_stratum.csv,exp_id=e0_noise|run_id=e0_noise_20260914T115913Z|prompt_version=v1|stratum_kind=language|stratum=en|metric=passed|method=wilson,ci_low,0.873510,0.789630,
rates_by_stratum.csv,exp_id=e0_noise|run_id=e0_noise_20260914T115913Z|prompt_version=v1|stratum_kind=language|stratum=en|metric=passed|method=wilson,ci_high,0.960742,0.905580,
rates_by_stratum.csv,exp_id=e0_noise|run_id=e0_noise_20260914T115913Z|prompt_version=v1|stratum_kind=language|stratum=zh-tw|metric=category_match|method=wilson,k,155,150,
rates_by_stratum.csv,exp_id=e0_noise|run_id=e0_noise_20260914T115913Z|prompt_version=v1|stratum_kind=language|stratum=zh-tw|metric=category_match|method=wilson,estimate,0.885714,0.857143,
rates_by_stratum.csv,exp_id=e0_noise|run_id=e0_noise_20260914T115913Z|prompt_version=v1|stratum_kind=language|stratum=zh-tw|metric=category_match|method=wilson,ci_low,0.830070,0.797616,
rates_by_stratum.csv,exp_id=e0_noise|run_id=e0_noise_20260914T115913Z|prompt_version=v1|stratum_kind=language|stratum=zh-tw|metric=category_match|method=wilson,ci_high,0.924789,0.901327,
rates_by_stratum.csv,exp_id=e0_noise|run_id=e0_noise_20260914T115913Z|prompt_version=v1|stratum_kind=language|stratum=zh-tw|metric=passed|method=wilson,k,155,150,
rates_by_stratum.csv,exp_id=e0_noise|run_id=e0_noise_20260914T115913Z|prompt_version=v1|stratum_kind=language|stratum=zh-tw|metric=passed|method=wilson,estimate,0.885714,0.857143,
rates_by_stratum.csv,exp_id=e0_noise|run_id=e0_noise_20260914T115913Z|prompt_version=v1|stratum_kind=language|stratum=zh-tw|metric=passed|method=wilson,ci_low,0.830070,0.797616,
rates_by_stratum.csv,exp_id=e0_noise|run_id=e0_noise_20260914T115913Z|prompt_version=v1|stratum_kind=language|stratum=zh-tw|metric=passed|method=wilson,ci_high,0.924789,0.901327,
rates_by_stratum.csv,exp_id=e1_v2a|run_id=e1_v2a_20260915T153333Z|prompt_version=v2a|stratum_kind=difficulty|stratum=ambiguous|metric=category_match|method=wilson,k,46,43,
rates_by_stratum.csv,exp_id=e1_v2a|run_id=e1_v2a_20260915T153333Z|prompt_version=v2a|stratum_kind=difficulty|stratum=ambiguous|metric=category_match|method=wilson,estimate,0.901961,0.843137,
rates_by_stratum.csv,exp_id=e1_v2a|run_id=e1_v2a_20260915T153333Z|prompt_version=v2a|stratum_kind=difficulty|stratum=ambiguous|metric=category_match|method=wilson,ci_low,0.790218,0.719896,
rates_by_stratum.csv,exp_id=e1_v2a|run_id=e1_v2a_20260915T153333Z|prompt_version=v2a|stratum_kind=difficulty|stratum=ambiguous|metric=category_match|method=wilson,ci_high,0.957392,0.918308,
rates_by_stratum.csv,exp_id=e1_v2a|run_id=e1_v2a_20260915T153333Z|prompt_version=v2a|stratum_kind=difficulty|stratum=ambiguous|metric=passed|method=wilson,k,46,43,
rates_by_stratum.csv,exp_id=e1_v2a|run_id=e1_v2a_20260915T153333Z|prompt_version=v2a|stratum_kind=difficulty|stratum=ambiguous|metric=passed|method=wilson,estimate,0.901961,0.843137,
rates_by_stratum.csv,exp_id=e1_v2a|run_id=e1_v2a_20260915T153333Z|prompt_version=v2a|stratum_kind=difficulty|stratum=ambiguous|metric=passed|method=wilson,ci_low,0.790218,0.719896,
rates_by_stratum.csv,exp_id=e1_v2a|run_id=e1_v2a_20260915T153333Z|prompt_version=v2a|stratum_kind=difficulty|stratum=ambiguous|metric=passed|method=wilson,ci_high,0.957392,0.918308,
rates_by_stratum.csv,exp_id=e1_v2a|run_id=e1_v2a_20260915T153333Z|prompt_version=v2a|stratum_kind=difficulty|stratum=easy|metric=category_match|method=wilson,k,131,125,
rates_by_stratum.csv,exp_id=e1_v2a|run_id=e1_v2a_20260915T153333Z|prompt_version=v2a|stratum_kind=difficulty|stratum=easy|metric=category_match|method=wilson,estimate,0.970370,0.925926,
rates_by_stratum.csv,exp_id=e1_v2a|run_id=e1_v2a_20260915T153333Z|prompt_version=v2a|stratum_kind=difficulty|stratum=easy|metric=category_match|method=wilson,ci_low,0.926294,0.869013,
rates_by_stratum.csv,exp_id=e1_v2a|run_id=e1_v2a_20260915T153333Z|prompt_version=v2a|stratum_kind=difficulty|stratum=easy|metric=category_match|method=wilson,ci_high,0.988419,0.959269,
rates_by_stratum.csv,exp_id=e1_v2a|run_id=e1_v2a_20260915T153333Z|prompt_version=v2a|stratum_kind=difficulty|stratum=easy|metric=passed|method=wilson,k,130,124,
rates_by_stratum.csv,exp_id=e1_v2a|run_id=e1_v2a_20260915T153333Z|prompt_version=v2a|stratum_kind=difficulty|stratum=easy|metric=passed|method=wilson,estimate,0.962963,0.918519,
rates_by_stratum.csv,exp_id=e1_v2a|run_id=e1_v2a_20260915T153333Z|prompt_version=v2a|stratum_kind=difficulty|stratum=easy|metric=passed|method=wilson,ci_low,0.916229,0.859983,
rates_by_stratum.csv,exp_id=e1_v2a|run_id=e1_v2a_20260915T153333Z|prompt_version=v2a|stratum_kind=difficulty|stratum=easy|metric=passed|method=wilson,ci_high,0.984078,0.953894,
rates_by_stratum.csv,exp_id=e1_v2a|run_id=e1_v2a_20260915T153333Z|prompt_version=v2a|stratum_kind=language|stratum=en|metric=category_match|method=wilson,k,81,75,
rates_by_stratum.csv,exp_id=e1_v2a|run_id=e1_v2a_20260915T153333Z|prompt_version=v2a|stratum_kind=language|stratum=en|metric=category_match|method=wilson,estimate,0.964286,0.892857,
rates_by_stratum.csv,exp_id=e1_v2a|run_id=e1_v2a_20260915T153333Z|prompt_version=v2a|stratum_kind=language|stratum=en|metric=category_match|method=wilson,ci_low,0.900183,0.808754,
rates_by_stratum.csv,exp_id=e1_v2a|run_id=e1_v2a_20260915T153333Z|prompt_version=v2a|stratum_kind=language|stratum=en|metric=category_match|method=wilson,ci_high,0.987780,0.942600,
rates_by_stratum.csv,exp_id=e1_v2a|run_id=e1_v2a_20260915T153333Z|prompt_version=v2a|stratum_kind=language|stratum=en|metric=passed|method=wilson,k,81,75,
rates_by_stratum.csv,exp_id=e1_v2a|run_id=e1_v2a_20260915T153333Z|prompt_version=v2a|stratum_kind=language|stratum=en|metric=passed|method=wilson,estimate,0.964286,0.892857,
rates_by_stratum.csv,exp_id=e1_v2a|run_id=e1_v2a_20260915T153333Z|prompt_version=v2a|stratum_kind=language|stratum=en|metric=passed|method=wilson,ci_low,0.900183,0.808754,
rates_by_stratum.csv,exp_id=e1_v2a|run_id=e1_v2a_20260915T153333Z|prompt_version=v2a|stratum_kind=language|stratum=en|metric=passed|method=wilson,ci_high,0.987780,0.942600,
rates_by_stratum.csv,exp_id=e1_v2a|run_id=e1_v2a_20260915T153333Z|prompt_version=v2a|stratum_kind=language|stratum=zh-tw|metric=category_match|method=wilson,k,91,88,
rates_by_stratum.csv,exp_id=e1_v2a|run_id=e1_v2a_20260915T153333Z|prompt_version=v2a|stratum_kind=language|stratum=zh-tw|metric=category_match|method=wilson,estimate,0.866667,0.838095,
rates_by_stratum.csv,exp_id=e1_v2a|run_id=e1_v2a_20260915T153333Z|prompt_version=v2a|stratum_kind=language|stratum=zh-tw|metric=category_match|method=wilson,ci_low,0.788565,0.755938,
rates_by_stratum.csv,exp_id=e1_v2a|run_id=e1_v2a_20260915T153333Z|prompt_version=v2a|stratum_kind=language|stratum=zh-tw|metric=category_match|method=wilson,ci_high,0.918886,0.896387,
rates_by_stratum.csv,exp_id=e1_v2a|run_id=e1_v2a_20260915T153333Z|prompt_version=v2a|stratum_kind=language|stratum=zh-tw|metric=passed|method=wilson,k,90,87,
rates_by_stratum.csv,exp_id=e1_v2a|run_id=e1_v2a_20260915T153333Z|prompt_version=v2a|stratum_kind=language|stratum=zh-tw|metric=passed|method=wilson,estimate,0.857143,0.828571,
rates_by_stratum.csv,exp_id=e1_v2a|run_id=e1_v2a_20260915T153333Z|prompt_version=v2a|stratum_kind=language|stratum=zh-tw|metric=passed|method=wilson,ci_low,0.777600,0.745227,
rates_by_stratum.csv,exp_id=e1_v2a|run_id=e1_v2a_20260915T153333Z|prompt_version=v2a|stratum_kind=language|stratum=zh-tw|metric=passed|method=wilson,ci_high,0.911475,0.888722,
rates_by_stratum.csv,exp_id=e1_v2b|run_id=e1_v2b_20260915T153711Z|prompt_version=v2b|stratum_kind=difficulty|stratum=ambiguous|metric=category_match|method=wilson,k,48,45,
rates_by_stratum.csv,exp_id=e1_v2b|run_id=e1_v2b_20260915T153711Z|prompt_version=v2b|stratum_kind=difficulty|stratum=ambiguous|metric=category_match|method=wilson,estimate,0.941176,0.882353,
rates_by_stratum.csv,exp_id=e1_v2b|run_id=e1_v2b_20260915T153711Z|prompt_version=v2b|stratum_kind=difficulty|stratum=ambiguous|metric=category_match|method=wilson,ci_low,0.840754,0.766192,
rates_by_stratum.csv,exp_id=e1_v2b|run_id=e1_v2b_20260915T153711Z|prompt_version=v2b|stratum_kind=difficulty|stratum=ambiguous|metric=category_match|method=wilson,ci_high,0.979793,0.944949,
rates_by_stratum.csv,exp_id=e1_v2b|run_id=e1_v2b_20260915T153711Z|prompt_version=v2b|stratum_kind=difficulty|stratum=ambiguous|metric=passed|method=wilson,k,48,45,
rates_by_stratum.csv,exp_id=e1_v2b|run_id=e1_v2b_20260915T153711Z|prompt_version=v2b|stratum_kind=difficulty|stratum=ambiguous|metric=passed|method=wilson,estimate,0.941176,0.882353,
rates_by_stratum.csv,exp_id=e1_v2b|run_id=e1_v2b_20260915T153711Z|prompt_version=v2b|stratum_kind=difficulty|stratum=ambiguous|metric=passed|method=wilson,ci_low,0.840754,0.766192,
rates_by_stratum.csv,exp_id=e1_v2b|run_id=e1_v2b_20260915T153711Z|prompt_version=v2b|stratum_kind=difficulty|stratum=ambiguous|metric=passed|method=wilson,ci_high,0.979793,0.944949,
rates_by_stratum.csv,exp_id=e1_v2b|run_id=e1_v2b_20260915T153711Z|prompt_version=v2b|stratum_kind=difficulty|stratum=easy|metric=category_match|method=wilson,k,133,131,
rates_by_stratum.csv,exp_id=e1_v2b|run_id=e1_v2b_20260915T153711Z|prompt_version=v2b|stratum_kind=difficulty|stratum=easy|metric=category_match|method=wilson,estimate,0.985185,0.970370,
rates_by_stratum.csv,exp_id=e1_v2b|run_id=e1_v2b_20260915T153711Z|prompt_version=v2b|stratum_kind=difficulty|stratum=easy|metric=category_match|method=wilson,ci_low,0.947594,0.926294,
rates_by_stratum.csv,exp_id=e1_v2b|run_id=e1_v2b_20260915T153711Z|prompt_version=v2b|stratum_kind=difficulty|stratum=easy|metric=category_match|method=wilson,ci_high,0.995928,0.988419,
rates_by_stratum.csv,exp_id=e1_v2b|run_id=e1_v2b_20260915T153711Z|prompt_version=v2b|stratum_kind=difficulty|stratum=easy|metric=passed|method=wilson,k,132,130,
rates_by_stratum.csv,exp_id=e1_v2b|run_id=e1_v2b_20260915T153711Z|prompt_version=v2b|stratum_kind=difficulty|stratum=easy|metric=passed|method=wilson,estimate,0.977778,0.962963,
rates_by_stratum.csv,exp_id=e1_v2b|run_id=e1_v2b_20260915T153711Z|prompt_version=v2b|stratum_kind=difficulty|stratum=easy|metric=passed|method=wilson,ci_low,0.936703,0.916229,
rates_by_stratum.csv,exp_id=e1_v2b|run_id=e1_v2b_20260915T153711Z|prompt_version=v2b|stratum_kind=difficulty|stratum=easy|metric=passed|method=wilson,ci_high,0.992414,0.984078,
rates_by_stratum.csv,exp_id=e1_v2b|run_id=e1_v2b_20260915T153711Z|prompt_version=v2b|stratum_kind=language|stratum=en|metric=category_match|method=wilson,k,76,74,
rates_by_stratum.csv,exp_id=e1_v2b|run_id=e1_v2b_20260915T153711Z|prompt_version=v2b|stratum_kind=language|stratum=en|metric=category_match|method=wilson,estimate,0.904762,0.880952,
rates_by_stratum.csv,exp_id=e1_v2b|run_id=e1_v2b_20260915T153711Z|prompt_version=v2b|stratum_kind=language|stratum=en|metric=category_match|method=wilson,ci_low,0.823174,0.794551,
rates_by_stratum.csv,exp_id=e1_v2b|run_id=e1_v2b_20260915T153711Z|prompt_version=v2b|stratum_kind=language|stratum=en|metric=category_match|method=wilson,ci_high,0.950948,0.934035,
rates_by_stratum.csv,exp_id=e1_v2b|run_id=e1_v2b_20260915T153711Z|prompt_version=v2b|stratum_kind=language|stratum=en|metric=passed|method=wilson,k,75,73,
rates_by_stratum.csv,exp_id=e1_v2b|run_id=e1_v2b_20260915T153711Z|prompt_version=v2b|stratum_kind=language|stratum=en|metric=passed|method=wilson,estimate,0.892857,0.869048,
rates_by_stratum.csv,exp_id=e1_v2b|run_id=e1_v2b_20260915T153711Z|prompt_version=v2b|stratum_kind=language|stratum=en|metric=passed|method=wilson,ci_low,0.808754,0.780539,
rates_by_stratum.csv,exp_id=e1_v2b|run_id=e1_v2b_20260915T153711Z|prompt_version=v2b|stratum_kind=language|stratum=en|metric=passed|method=wilson,ci_high,0.942600,0.925278,
rates_by_stratum.csv,exp_id=e1_v2b|run_id=e1_v2b_20260915T153711Z|prompt_version=v2b|stratum_kind=language|stratum=zh-tw|metric=category_match|method=wilson,k,96,93,
rates_by_stratum.csv,exp_id=e1_v2b|run_id=e1_v2b_20260915T153711Z|prompt_version=v2b|stratum_kind=language|stratum=zh-tw|metric=category_match|method=wilson,estimate,0.914286,0.885714,
rates_by_stratum.csv,exp_id=e1_v2b|run_id=e1_v2b_20260915T153711Z|prompt_version=v2b|stratum_kind=language|stratum=zh-tw|metric=category_match|method=wilson,ci_low,0.845077,0.810799,
rates_by_stratum.csv,exp_id=e1_v2b|run_id=e1_v2b_20260915T153711Z|prompt_version=v2b|stratum_kind=language|stratum=zh-tw|metric=category_match|method=wilson,ci_high,0.954251,0.933403,
rates_by_stratum.csv,exp_id=e1_v2b|run_id=e1_v2b_20260915T153711Z|prompt_version=v2b|stratum_kind=language|stratum=zh-tw|metric=passed|method=wilson,k,96,93,
rates_by_stratum.csv,exp_id=e1_v2b|run_id=e1_v2b_20260915T153711Z|prompt_version=v2b|stratum_kind=language|stratum=zh-tw|metric=passed|method=wilson,estimate,0.914286,0.885714,
rates_by_stratum.csv,exp_id=e1_v2b|run_id=e1_v2b_20260915T153711Z|prompt_version=v2b|stratum_kind=language|stratum=zh-tw|metric=passed|method=wilson,ci_low,0.845077,0.810799,
rates_by_stratum.csv,exp_id=e1_v2b|run_id=e1_v2b_20260915T153711Z|prompt_version=v2b|stratum_kind=language|stratum=zh-tw|metric=passed|method=wilson,ci_high,0.954251,0.933403,
rates_by_stratum.csv,exp_id=e1_v2c|run_id=e1_v2c_20260915T154039Z|prompt_version=v2c|stratum_kind=difficulty|stratum=ambiguous|metric=category_match|method=wilson,k,44,41,
rates_by_stratum.csv,exp_id=e1_v2c|run_id=e1_v2c_20260915T154039Z|prompt_version=v2c|stratum_kind=difficulty|stratum=ambiguous|metric=category_match|method=wilson,estimate,0.862745,0.803922,
rates_by_stratum.csv,exp_id=e1_v2c|run_id=e1_v2c_20260915T154039Z|prompt_version=v2c|stratum_kind=difficulty|stratum=ambiguous|metric=category_match|method=wilson,ci_low,0.742783,0.675419,
rates_by_stratum.csv,exp_id=e1_v2c|run_id=e1_v2c_20260915T154039Z|prompt_version=v2c|stratum_kind=difficulty|stratum=ambiguous|metric=category_match|method=wilson,ci_high,0.931889,0.889847,
rates_by_stratum.csv,exp_id=e1_v2c|run_id=e1_v2c_20260915T154039Z|prompt_version=v2c|stratum_kind=difficulty|stratum=ambiguous|metric=passed|method=wilson,k,44,41,
rates_by_stratum.csv,exp_id=e1_v2c|run_id=e1_v2c_20260915T154039Z|prompt_version=v2c|stratum_kind=difficulty|stratum=ambiguous|metric=passed|method=wilson,estimate,0.862745,0.803922,
rates_by_stratum.csv,exp_id=e1_v2c|run_id=e1_v2c_20260915T154039Z|prompt_version=v2c|stratum_kind=difficulty|stratum=ambiguous|metric=passed|method=wilson,ci_low,0.742783,0.675419,
rates_by_stratum.csv,exp_id=e1_v2c|run_id=e1_v2c_20260915T154039Z|prompt_version=v2c|stratum_kind=difficulty|stratum=ambiguous|metric=passed|method=wilson,ci_high,0.931889,0.889847,
rates_by_stratum.csv,exp_id=e1_v2c|run_id=e1_v2c_20260915T154039Z|prompt_version=v2c|stratum_kind=language|stratum=zh-tw|metric=category_match|method=wilson,k,89,86,
rates_by_stratum.csv,exp_id=e1_v2c|run_id=e1_v2c_20260915T154039Z|prompt_version=v2c|stratum_kind=language|stratum=zh-tw|metric=category_match|method=wilson,estimate,0.847619,0.819048,
rates_by_stratum.csv,exp_id=e1_v2c|run_id=e1_v2c_20260915T154039Z|prompt_version=v2c|stratum_kind=language|stratum=zh-tw|metric=category_match|method=wilson,ci_low,0.766727,0.734591,
rates_by_stratum.csv,exp_id=e1_v2c|run_id=e1_v2c_20260915T154039Z|prompt_version=v2c|stratum_kind=language|stratum=zh-tw|metric=category_match|method=wilson,ci_high,0.903973,0.880983,
rates_by_stratum.csv,exp_id=e1_v2c|run_id=e1_v2c_20260915T154039Z|prompt_version=v2c|stratum_kind=language|stratum=zh-tw|metric=passed|method=wilson,k,89,86,
rates_by_stratum.csv,exp_id=e1_v2c|run_id=e1_v2c_20260915T154039Z|prompt_version=v2c|stratum_kind=language|stratum=zh-tw|metric=passed|method=wilson,estimate,0.847619,0.819048,
rates_by_stratum.csv,exp_id=e1_v2c|run_id=e1_v2c_20260915T154039Z|prompt_version=v2c|stratum_kind=language|stratum=zh-tw|metric=passed|method=wilson,ci_low,0.766727,0.734591,
rates_by_stratum.csv,exp_id=e1_v2c|run_id=e1_v2c_20260915T154039Z|prompt_version=v2c|stratum_kind=language|stratum=zh-tw|metric=passed|method=wilson,ci_high,0.903973,0.880983,
rates_by_stratum.csv,exp_id=e1_v2d|run_id=e1_v2d_20260915T154407Z|prompt_version=v2d|stratum_kind=difficulty|stratum=ambiguous|metric=category_match|method=wilson,k,48,45,
rates_by_stratum.csv,exp_id=e1_v2d|run_id=e1_v2d_20260915T154407Z|prompt_version=v2d|stratum_kind=difficulty|stratum=ambiguous|metric=category_match|method=wilson,estimate,0.941176,0.882353,
rates_by_stratum.csv,exp_id=e1_v2d|run_id=e1_v2d_20260915T154407Z|prompt_version=v2d|stratum_kind=difficulty|stratum=ambiguous|metric=category_match|method=wilson,ci_low,0.840754,0.766192,
rates_by_stratum.csv,exp_id=e1_v2d|run_id=e1_v2d_20260915T154407Z|prompt_version=v2d|stratum_kind=difficulty|stratum=ambiguous|metric=category_match|method=wilson,ci_high,0.979793,0.944949,
rates_by_stratum.csv,exp_id=e1_v2d|run_id=e1_v2d_20260915T154407Z|prompt_version=v2d|stratum_kind=difficulty|stratum=ambiguous|metric=passed|method=wilson,k,48,45,
rates_by_stratum.csv,exp_id=e1_v2d|run_id=e1_v2d_20260915T154407Z|prompt_version=v2d|stratum_kind=difficulty|stratum=ambiguous|metric=passed|method=wilson,estimate,0.941176,0.882353,
rates_by_stratum.csv,exp_id=e1_v2d|run_id=e1_v2d_20260915T154407Z|prompt_version=v2d|stratum_kind=difficulty|stratum=ambiguous|metric=passed|method=wilson,ci_low,0.840754,0.766192,
rates_by_stratum.csv,exp_id=e1_v2d|run_id=e1_v2d_20260915T154407Z|prompt_version=v2d|stratum_kind=difficulty|stratum=ambiguous|metric=passed|method=wilson,ci_high,0.979793,0.944949,
rates_by_stratum.csv,exp_id=e1_v2d|run_id=e1_v2d_20260915T154407Z|prompt_version=v2d|stratum_kind=difficulty|stratum=easy|metric=category_match|method=wilson,k,131,125,
rates_by_stratum.csv,exp_id=e1_v2d|run_id=e1_v2d_20260915T154407Z|prompt_version=v2d|stratum_kind=difficulty|stratum=easy|metric=category_match|method=wilson,estimate,0.970370,0.925926,
rates_by_stratum.csv,exp_id=e1_v2d|run_id=e1_v2d_20260915T154407Z|prompt_version=v2d|stratum_kind=difficulty|stratum=easy|metric=category_match|method=wilson,ci_low,0.926294,0.869013,
rates_by_stratum.csv,exp_id=e1_v2d|run_id=e1_v2d_20260915T154407Z|prompt_version=v2d|stratum_kind=difficulty|stratum=easy|metric=category_match|method=wilson,ci_high,0.988419,0.959269,
rates_by_stratum.csv,exp_id=e1_v2d|run_id=e1_v2d_20260915T154407Z|prompt_version=v2d|stratum_kind=difficulty|stratum=easy|metric=passed|method=wilson,k,131,125,
rates_by_stratum.csv,exp_id=e1_v2d|run_id=e1_v2d_20260915T154407Z|prompt_version=v2d|stratum_kind=difficulty|stratum=easy|metric=passed|method=wilson,estimate,0.970370,0.925926,
rates_by_stratum.csv,exp_id=e1_v2d|run_id=e1_v2d_20260915T154407Z|prompt_version=v2d|stratum_kind=difficulty|stratum=easy|metric=passed|method=wilson,ci_low,0.926294,0.869013,
rates_by_stratum.csv,exp_id=e1_v2d|run_id=e1_v2d_20260915T154407Z|prompt_version=v2d|stratum_kind=difficulty|stratum=easy|metric=passed|method=wilson,ci_high,0.988419,0.959269,
rates_by_stratum.csv,exp_id=e1_v2d|run_id=e1_v2d_20260915T154407Z|prompt_version=v2d|stratum_kind=language|stratum=en|metric=category_match|method=wilson,k,80,74,
rates_by_stratum.csv,exp_id=e1_v2d|run_id=e1_v2d_20260915T154407Z|prompt_version=v2d|stratum_kind=language|stratum=en|metric=category_match|method=wilson,estimate,0.952381,0.880952,
rates_by_stratum.csv,exp_id=e1_v2d|run_id=e1_v2d_20260915T154407Z|prompt_version=v2d|stratum_kind=language|stratum=en|metric=category_match|method=wilson,ci_low,0.883867,0.794551,
rates_by_stratum.csv,exp_id=e1_v2d|run_id=e1_v2d_20260915T154407Z|prompt_version=v2d|stratum_kind=language|stratum=en|metric=category_match|method=wilson,ci_high,0.981328,0.934035,
rates_by_stratum.csv,exp_id=e1_v2d|run_id=e1_v2d_20260915T154407Z|prompt_version=v2d|stratum_kind=language|stratum=en|metric=passed|method=wilson,k,80,74,
rates_by_stratum.csv,exp_id=e1_v2d|run_id=e1_v2d_20260915T154407Z|prompt_version=v2d|stratum_kind=language|stratum=en|metric=passed|method=wilson,estimate,0.952381,0.880952,
rates_by_stratum.csv,exp_id=e1_v2d|run_id=e1_v2d_20260915T154407Z|prompt_version=v2d|stratum_kind=language|stratum=en|metric=passed|method=wilson,ci_low,0.883867,0.794551,
rates_by_stratum.csv,exp_id=e1_v2d|run_id=e1_v2d_20260915T154407Z|prompt_version=v2d|stratum_kind=language|stratum=en|metric=passed|method=wilson,ci_high,0.981328,0.934035,
rates_by_stratum.csv,exp_id=e1_v2d|run_id=e1_v2d_20260915T154407Z|prompt_version=v2d|stratum_kind=language|stratum=zh-tw|metric=category_match|method=wilson,k,93,90,
rates_by_stratum.csv,exp_id=e1_v2d|run_id=e1_v2d_20260915T154407Z|prompt_version=v2d|stratum_kind=language|stratum=zh-tw|metric=category_match|method=wilson,estimate,0.885714,0.857143,
rates_by_stratum.csv,exp_id=e1_v2d|run_id=e1_v2d_20260915T154407Z|prompt_version=v2d|stratum_kind=language|stratum=zh-tw|metric=category_match|method=wilson,ci_low,0.810799,0.777600,
rates_by_stratum.csv,exp_id=e1_v2d|run_id=e1_v2d_20260915T154407Z|prompt_version=v2d|stratum_kind=language|stratum=zh-tw|metric=category_match|method=wilson,ci_high,0.933403,0.911475,
rates_by_stratum.csv,exp_id=e1_v2d|run_id=e1_v2d_20260915T154407Z|prompt_version=v2d|stratum_kind=language|stratum=zh-tw|metric=passed|method=wilson,k,93,90,
rates_by_stratum.csv,exp_id=e1_v2d|run_id=e1_v2d_20260915T154407Z|prompt_version=v2d|stratum_kind=language|stratum=zh-tw|metric=passed|method=wilson,estimate,0.885714,0.857143,
rates_by_stratum.csv,exp_id=e1_v2d|run_id=e1_v2d_20260915T154407Z|prompt_version=v2d|stratum_kind=language|stratum=zh-tw|metric=passed|method=wilson,ci_low,0.810799,0.777600,
rates_by_stratum.csv,exp_id=e1_v2d|run_id=e1_v2d_20260915T154407Z|prompt_version=v2d|stratum_kind=language|stratum=zh-tw|metric=passed|method=wilson,ci_high,0.933403,0.911475,
rates_bootstrap.csv,exp_id=e0_noise|run_id=e0_noise_20260914T115913Z|prompt_version=v1|metric=category_match|method=case_cluster_bootstrap_percentile,estimate,0.914286,0.871429,
rates_bootstrap.csv,exp_id=e0_noise|run_id=e0_noise_20260914T115913Z|prompt_version=v1|metric=category_match|method=case_cluster_bootstrap_percentile,ci_low,0.842857,0.785714,
rates_bootstrap.csv,exp_id=e0_noise|run_id=e0_noise_20260914T115913Z|prompt_version=v1|metric=category_match|method=case_cluster_bootstrap_percentile,ci_high,0.971429,0.942857,
rates_bootstrap.csv,exp_id=e0_noise|run_id=e0_noise_20260914T115913Z|prompt_version=v1|metric=passed|method=case_cluster_bootstrap_percentile,estimate,0.914286,0.871429,
rates_bootstrap.csv,exp_id=e0_noise|run_id=e0_noise_20260914T115913Z|prompt_version=v1|metric=passed|method=case_cluster_bootstrap_percentile,ci_low,0.842857,0.785714,
rates_bootstrap.csv,exp_id=e0_noise|run_id=e0_noise_20260914T115913Z|prompt_version=v1|metric=passed|method=case_cluster_bootstrap_percentile,ci_high,0.971429,0.942857,
rates_bootstrap.csv,exp_id=e1_v2a|run_id=e1_v2a_20260915T153333Z|prompt_version=v2a|metric=category_match|method=case_cluster_bootstrap_percentile,estimate,0.914286,0.871429,
rates_bootstrap.csv,exp_id=e1_v2a|run_id=e1_v2a_20260915T153333Z|prompt_version=v2a|metric=category_match|method=case_cluster_bootstrap_percentile,ci_low,0.842857,0.790476,
rates_bootstrap.csv,exp_id=e1_v2a|run_id=e1_v2a_20260915T153333Z|prompt_version=v2a|metric=category_match|method=case_cluster_bootstrap_percentile,ci_high,0.971429,0.942857,
rates_bootstrap.csv,exp_id=e1_v2a|run_id=e1_v2a_20260915T153333Z|prompt_version=v2a|metric=passed|method=case_cluster_bootstrap_percentile,estimate,0.909524,0.866667,
rates_bootstrap.csv,exp_id=e1_v2a|run_id=e1_v2a_20260915T153333Z|prompt_version=v2a|metric=passed|method=case_cluster_bootstrap_percentile,ci_low,0.842857,0.785714,
rates_bootstrap.csv,exp_id=e1_v2a|run_id=e1_v2a_20260915T153333Z|prompt_version=v2a|metric=passed|method=case_cluster_bootstrap_percentile,ci_high,0.966667,0.938095,
rates_bootstrap.csv,exp_id=e1_v2b|run_id=e1_v2b_20260915T153711Z|prompt_version=v2b|metric=category_match|method=case_cluster_bootstrap_percentile,estimate,0.919048,0.895238,
rates_bootstrap.csv,exp_id=e1_v2b|run_id=e1_v2b_20260915T153711Z|prompt_version=v2b|metric=category_match|method=case_cluster_bootstrap_percentile,ci_low,0.847619,0.819048,
rates_bootstrap.csv,exp_id=e1_v2b|run_id=e1_v2b_20260915T153711Z|prompt_version=v2b|metric=category_match|method=case_cluster_bootstrap_percentile,ci_high,0.976190,0.957143,
rates_bootstrap.csv,exp_id=e1_v2b|run_id=e1_v2b_20260915T153711Z|prompt_version=v2b|metric=passed|method=case_cluster_bootstrap_percentile,estimate,0.914286,0.890476,
rates_bootstrap.csv,exp_id=e1_v2b|run_id=e1_v2b_20260915T153711Z|prompt_version=v2b|metric=passed|method=case_cluster_bootstrap_percentile,ci_low,0.842857,0.814286,
rates_bootstrap.csv,exp_id=e1_v2b|run_id=e1_v2b_20260915T153711Z|prompt_version=v2b|metric=passed|method=case_cluster_bootstrap_percentile,ci_high,0.971429,0.957143,
rates_bootstrap.csv,exp_id=e1_v2c|run_id=e1_v2c_20260915T154039Z|prompt_version=v2c|metric=category_match|method=case_cluster_bootstrap_percentile,estimate,0.804762,0.790476,
rates_bootstrap.csv,exp_id=e1_v2c|run_id=e1_v2c_20260915T154039Z|prompt_version=v2c|metric=category_match|method=case_cluster_bootstrap_percentile,ci_low,0.709524,0.695238,
rates_bootstrap.csv,exp_id=e1_v2c|run_id=e1_v2c_20260915T154039Z|prompt_version=v2c|metric=category_match|method=case_cluster_bootstrap_percentile,ci_high,0.890476,0.880952,
rates_bootstrap.csv,exp_id=e1_v2c|run_id=e1_v2c_20260915T154039Z|prompt_version=v2c|metric=passed|method=case_cluster_bootstrap_percentile,estimate,0.804762,0.790476,
rates_bootstrap.csv,exp_id=e1_v2c|run_id=e1_v2c_20260915T154039Z|prompt_version=v2c|metric=passed|method=case_cluster_bootstrap_percentile,ci_low,0.709524,0.695238,
rates_bootstrap.csv,exp_id=e1_v2c|run_id=e1_v2c_20260915T154039Z|prompt_version=v2c|metric=passed|method=case_cluster_bootstrap_percentile,ci_high,0.890476,0.880952,
rates_bootstrap.csv,exp_id=e1_v2d|run_id=e1_v2d_20260915T154407Z|prompt_version=v2d|metric=category_match|method=case_cluster_bootstrap_percentile,estimate,0.919048,0.876190,
rates_bootstrap.csv,exp_id=e1_v2d|run_id=e1_v2d_20260915T154407Z|prompt_version=v2d|metric=category_match|method=case_cluster_bootstrap_percentile,ci_low,0.852381,0.795238,
rates_bootstrap.csv,exp_id=e1_v2d|run_id=e1_v2d_20260915T154407Z|prompt_version=v2d|metric=category_match|method=case_cluster_bootstrap_percentile,ci_high,0.976190,0.947619,
rates_bootstrap.csv,exp_id=e1_v2d|run_id=e1_v2d_20260915T154407Z|prompt_version=v2d|metric=passed|method=case_cluster_bootstrap_percentile,estimate,0.919048,0.876190,
rates_bootstrap.csv,exp_id=e1_v2d|run_id=e1_v2d_20260915T154407Z|prompt_version=v2d|metric=passed|method=case_cluster_bootstrap_percentile,ci_low,0.852381,0.795238,
rates_bootstrap.csv,exp_id=e1_v2d|run_id=e1_v2d_20260915T154407Z|prompt_version=v2d|metric=passed|method=case_cluster_bootstrap_percentile,ci_high,0.976190,0.947619,
paired_mcnemar.csv,metric=category_match|baseline_version=v1|candidate_version=v2a|method=mcnemar_exact,both_correct,189,180,
paired_mcnemar.csv,metric=category_match|baseline_version=v1|candidate_version=v2a|method=mcnemar_exact,both_wrong,15,24,
paired_mcnemar.csv,metric=category_match|baseline_version=v1|candidate_version=v2b|method=mcnemar_exact,both_correct,190,183,
paired_mcnemar.csv,metric=category_match|baseline_version=v1|candidate_version=v2b|method=mcnemar_exact,baseline_only_correct,2,0,
paired_mcnemar.csv,metric=category_match|baseline_version=v1|candidate_version=v2b|method=mcnemar_exact,candidate_only_correct,3,5,
paired_mcnemar.csv,metric=category_match|baseline_version=v1|candidate_version=v2b|method=mcnemar_exact,both_wrong,15,22,
paired_mcnemar.csv,metric=category_match|baseline_version=v1|candidate_version=v2b|method=mcnemar_exact,risk_difference,0.004762,0.023810,
paired_mcnemar.csv,metric=category_match|baseline_version=v1|candidate_version=v2b|method=mcnemar_exact,p_value,1.000000,0.062500,
paired_mcnemar.csv,metric=category_match|baseline_version=v1|candidate_version=v2c|method=mcnemar_exact,both_correct,162,156,
paired_mcnemar.csv,metric=category_match|baseline_version=v1|candidate_version=v2c|method=mcnemar_exact,baseline_only_correct,30,27,
paired_mcnemar.csv,metric=category_match|baseline_version=v1|candidate_version=v2c|method=mcnemar_exact,candidate_only_correct,7,10,
paired_mcnemar.csv,metric=category_match|baseline_version=v1|candidate_version=v2c|method=mcnemar_exact,both_wrong,11,17,
paired_mcnemar.csv,metric=category_match|baseline_version=v1|candidate_version=v2c|method=mcnemar_exact,risk_difference,-0.109524,-0.080952,
paired_mcnemar.csv,metric=category_match|baseline_version=v1|candidate_version=v2c|method=mcnemar_exact,p_value,0.000191,0.007632,
paired_mcnemar.csv,metric=category_match|baseline_version=v1|candidate_version=v2d|method=mcnemar_exact,both_correct,191,182,
paired_mcnemar.csv,metric=category_match|baseline_version=v1|candidate_version=v2d|method=mcnemar_exact,both_wrong,16,25,
paired_mcnemar.csv,metric=passed|baseline_version=v1|candidate_version=v2a|method=mcnemar_exact,both_correct,188,179,
paired_mcnemar.csv,metric=passed|baseline_version=v1|candidate_version=v2a|method=mcnemar_exact,both_wrong,15,24,
paired_mcnemar.csv,metric=passed|baseline_version=v1|candidate_version=v2b|method=mcnemar_exact,both_correct,189,182,
paired_mcnemar.csv,metric=passed|baseline_version=v1|candidate_version=v2b|method=mcnemar_exact,baseline_only_correct,3,1,
paired_mcnemar.csv,metric=passed|baseline_version=v1|candidate_version=v2b|method=mcnemar_exact,candidate_only_correct,3,5,
paired_mcnemar.csv,metric=passed|baseline_version=v1|candidate_version=v2b|method=mcnemar_exact,both_wrong,15,22,
paired_mcnemar.csv,metric=passed|baseline_version=v1|candidate_version=v2b|method=mcnemar_exact,risk_difference,0.000000,0.019048,
paired_mcnemar.csv,metric=passed|baseline_version=v1|candidate_version=v2b|method=mcnemar_exact,p_value,1.000000,0.218750,
paired_mcnemar.csv,metric=passed|baseline_version=v1|candidate_version=v2c|method=mcnemar_exact,both_correct,162,156,
paired_mcnemar.csv,metric=passed|baseline_version=v1|candidate_version=v2c|method=mcnemar_exact,baseline_only_correct,30,27,
paired_mcnemar.csv,metric=passed|baseline_version=v1|candidate_version=v2c|method=mcnemar_exact,candidate_only_correct,7,10,
paired_mcnemar.csv,metric=passed|baseline_version=v1|candidate_version=v2c|method=mcnemar_exact,both_wrong,11,17,
paired_mcnemar.csv,metric=passed|baseline_version=v1|candidate_version=v2c|method=mcnemar_exact,risk_difference,-0.109524,-0.080952,
paired_mcnemar.csv,metric=passed|baseline_version=v1|candidate_version=v2c|method=mcnemar_exact,p_value,0.000191,0.007632,
paired_mcnemar.csv,metric=passed|baseline_version=v1|candidate_version=v2d|method=mcnemar_exact,both_correct,191,182,
paired_mcnemar.csv,metric=passed|baseline_version=v1|candidate_version=v2d|method=mcnemar_exact,both_wrong,16,25,
e1_main.csv,metric=category_match|baseline_version=v1 (e0_noise repeats 0+1+2)|candidate_version=v2a|method=mcnemar_exact|family=confirmatory_holm,pass_base,64,61,
e1_main.csv,metric=category_match|baseline_version=v1 (e0_noise repeats 0+1+2)|candidate_version=v2a|method=mcnemar_exact|family=confirmatory_holm,pass_deg,64,61,
e1_main.csv,metric=category_match|baseline_version=v1 (e0_noise repeats 0+1+2)|candidate_version=v2a|method=mcnemar_exact|family=confirmatory_holm,a,63,60,
e1_main.csv,metric=category_match|baseline_version=v1 (e0_noise repeats 0+1+2)|candidate_version=v2a|method=mcnemar_exact|family=confirmatory_holm,d,5,8,
e1_main.csv,metric=category_match|baseline_version=v1 (e0_noise repeats 0+1+2)|candidate_version=v2a|method=mcnemar_exact|family=confirmatory_holm,ci_low,-0.063934,-0.061017,
e1_main.csv,metric=category_match|baseline_version=v1 (e0_noise repeats 0+1+2)|candidate_version=v2a|method=mcnemar_exact|family=confirmatory_holm,ci_high,0.063934,0.061017,
e1_main.csv,metric=category_match|baseline_version=v1 (e0_noise repeats 0+1+2)|candidate_version=v2a|method=mcnemar_exact|family=sensitivity_drop_leaked_case,pass_base,64,61,
e1_main.csv,metric=category_match|baseline_version=v1 (e0_noise repeats 0+1+2)|candidate_version=v2a|method=mcnemar_exact|family=sensitivity_drop_leaked_case,pass_deg,64,61,
e1_main.csv,metric=category_match|baseline_version=v1 (e0_noise repeats 0+1+2)|candidate_version=v2a|method=mcnemar_exact|family=sensitivity_drop_leaked_case,a,63,60,
e1_main.csv,metric=category_match|baseline_version=v1 (e0_noise repeats 0+1+2)|candidate_version=v2a|method=mcnemar_exact|family=sensitivity_drop_leaked_case,d,4,7,
e1_main.csv,metric=category_match|baseline_version=v1 (e0_noise repeats 0+1+2)|candidate_version=v2a|method=mcnemar_exact|family=sensitivity_drop_leaked_case,ci_low,-0.065775,-0.062720,
e1_main.csv,metric=category_match|baseline_version=v1 (e0_noise repeats 0+1+2)|candidate_version=v2a|method=mcnemar_exact|family=sensitivity_drop_leaked_case,ci_high,0.065775,0.062720,
e1_main.csv,metric=category_match|baseline_version=v1 (e0_noise repeats 0+1+2)|candidate_version=v2b|method=mcnemar_exact|family=confirmatory_holm,pass_base,64,61,
e1_main.csv,metric=category_match|baseline_version=v1 (e0_noise repeats 0+1+2)|candidate_version=v2b|method=mcnemar_exact|family=confirmatory_holm,pass_deg,64,63,
e1_main.csv,metric=category_match|baseline_version=v1 (e0_noise repeats 0+1+2)|candidate_version=v2b|method=mcnemar_exact|family=confirmatory_holm,a,63,61,
e1_main.csv,metric=category_match|baseline_version=v1 (e0_noise repeats 0+1+2)|candidate_version=v2b|method=mcnemar_exact|family=confirmatory_holm,b,1,0,
e1_main.csv,metric=category_match|baseline_version=v1 (e0_noise repeats 0+1+2)|candidate_version=v2b|method=mcnemar_exact|family=confirmatory_holm,c,1,2,
e1_main.csv,metric=category_match|baseline_version=v1 (e0_noise repeats 0+1+2)|candidate_version=v2b|method=mcnemar_exact|family=confirmatory_holm,d,5,7,
e1_main.csv,metric=category_match|baseline_version=v1 (e0_noise repeats 0+1+2)|candidate_version=v2b|method=mcnemar_exact|family=confirmatory_holm,p_raw,1.000000,0.500000,
e1_main.csv,metric=category_match|baseline_version=v1 (e0_noise repeats 0+1+2)|candidate_version=v2b|method=mcnemar_exact|family=confirmatory_holm,rd,0.000000,0.028571,
e1_main.csv,metric=category_match|baseline_version=v1 (e0_noise repeats 0+1+2)|candidate_version=v2b|method=mcnemar_exact|family=confirmatory_holm,ci_low,-0.063934,-0.028993,
e1_main.csv,metric=category_match|baseline_version=v1 (e0_noise repeats 0+1+2)|candidate_version=v2b|method=mcnemar_exact|family=confirmatory_holm,ci_high,0.063934,0.093886,
e1_main.csv,metric=category_match|baseline_version=v1 (e0_noise repeats 0+1+2)|candidate_version=v2b|method=mcnemar_exact|family=confirmatory_holm,or,1.000000,,
e1_main.csv,metric=category_match|baseline_version=v1 (e0_noise repeats 0+1+2)|candidate_version=v2b|method=mcnemar_exact|family=sensitivity_drop_leaked_case,pass_base,64,61,
e1_main.csv,metric=category_match|baseline_version=v1 (e0_noise repeats 0+1+2)|candidate_version=v2b|method=mcnemar_exact|family=sensitivity_drop_leaked_case,pass_deg,64,63,
e1_main.csv,metric=category_match|baseline_version=v1 (e0_noise repeats 0+1+2)|candidate_version=v2b|method=mcnemar_exact|family=sensitivity_drop_leaked_case,a,63,61,
e1_main.csv,metric=category_match|baseline_version=v1 (e0_noise repeats 0+1+2)|candidate_version=v2b|method=mcnemar_exact|family=sensitivity_drop_leaked_case,b,1,0,
e1_main.csv,metric=category_match|baseline_version=v1 (e0_noise repeats 0+1+2)|candidate_version=v2b|method=mcnemar_exact|family=sensitivity_drop_leaked_case,c,1,2,
e1_main.csv,metric=category_match|baseline_version=v1 (e0_noise repeats 0+1+2)|candidate_version=v2b|method=mcnemar_exact|family=sensitivity_drop_leaked_case,d,4,6,
e1_main.csv,metric=category_match|baseline_version=v1 (e0_noise repeats 0+1+2)|candidate_version=v2b|method=mcnemar_exact|family=sensitivity_drop_leaked_case,p_raw,1.000000,0.500000,
e1_main.csv,metric=category_match|baseline_version=v1 (e0_noise repeats 0+1+2)|candidate_version=v2b|method=mcnemar_exact|family=sensitivity_drop_leaked_case,rd,0.000000,0.028986,
e1_main.csv,metric=category_match|baseline_version=v1 (e0_noise repeats 0+1+2)|candidate_version=v2b|method=mcnemar_exact|family=sensitivity_drop_leaked_case,ci_low,-0.065775,-0.029846,
e1_main.csv,metric=category_match|baseline_version=v1 (e0_noise repeats 0+1+2)|candidate_version=v2b|method=mcnemar_exact|family=sensitivity_drop_leaked_case,ci_high,0.065775,0.096438,
e1_main.csv,metric=category_match|baseline_version=v1 (e0_noise repeats 0+1+2)|candidate_version=v2b|method=mcnemar_exact|family=sensitivity_drop_leaked_case,or,1.000000,,
e1_main.csv,metric=category_match|baseline_version=v1 (e0_noise repeats 0+1+2)|candidate_version=v2c|method=mcnemar_exact|family=confirmatory_holm,pass_base,64,61,
e1_main.csv,metric=category_match|baseline_version=v1 (e0_noise repeats 0+1+2)|candidate_version=v2c|method=mcnemar_exact|family=confirmatory_holm,pass_deg,56,55,
e1_main.csv,metric=category_match|baseline_version=v1 (e0_noise repeats 0+1+2)|candidate_version=v2c|method=mcnemar_exact|family=confirmatory_holm,a,54,52,
e1_main.csv,metric=category_match|baseline_version=v1 (e0_noise repeats 0+1+2)|candidate_version=v2c|method=mcnemar_exact|family=confirmatory_holm,b,10,9,
e1_main.csv,metric=category_match|baseline_version=v1 (e0_noise repeats 0+1+2)|candidate_version=v2c|method=mcnemar_exact|family=confirmatory_holm,c,2,3,
e1_main.csv,metric=category_match|baseline_version=v1 (e0_noise repeats 0+1+2)|candidate_version=v2c|method=mcnemar_exact|family=confirmatory_holm,d,4,6,
e1_main.csv,metric=category_match|baseline_version=v1 (e0_noise repeats 0+1+2)|candidate_version=v2c|method=mcnemar_exact|family=confirmatory_holm,p_raw,0.038574,0.145996,
e1_main.csv,metric=category_match|baseline_version=v1 (e0_noise repeats 0+1+2)|candidate_version=v2c|method=mcnemar_exact|family=confirmatory_holm,rd,-0.114286,-0.085714,
e1_main.csv,metric=category_match|baseline_version=v1 (e0_noise repeats 0+1+2)|candidate_version=v2c|method=mcnemar_exact|family=confirmatory_holm,ci_low,-0.218647,-0.189201,
e1_main.csv,metric=category_match|baseline_version=v1 (e0_noise repeats 0+1+2)|candidate_version=v2c|method=mcnemar_exact|family=confirmatory_holm,ci_high,-0.015211,0.015186,
e1_main.csv,metric=category_match|baseline_version=v1 (e0_noise repeats 0+1+2)|candidate_version=v2c|method=mcnemar_exact|family=confirmatory_holm,or,0.200000,0.333333,
e1_main.csv,metric=category_match|baseline_version=v1 (e0_noise repeats 0+1+2)|candidate_version=v2d|method=mcnemar_exact|family=confirmatory_holm,pass_base,64,61,
e1_main.csv,metric=category_match|baseline_version=v1 (e0_noise repeats 0+1+2)|candidate_version=v2d|method=mcnemar_exact|family=confirmatory_holm,pass_deg,65,62,
e1_main.csv,metric=category_match|baseline_version=v1 (e0_noise repeats 0+1+2)|candidate_version=v2d|method=mcnemar_exact|family=confirmatory_holm,a,64,61,
e1_main.csv,metric=category_match|baseline_version=v1 (e0_noise repeats 0+1+2)|candidate_version=v2d|method=mcnemar_exact|family=confirmatory_holm,d,5,8,
e1_main.csv,metric=category_match|baseline_version=v1 (e0_noise repeats 0+1+2)|candidate_version=v2d|method=mcnemar_exact|family=confirmatory_holm,ci_low,-0.040956,-0.038493,
e1_main.csv,metric=category_match|baseline_version=v1 (e0_noise repeats 0+1+2)|candidate_version=v2d|method=mcnemar_exact|family=confirmatory_holm,ci_high,0.075415,0.071426,
e1_main.csv,metric=passed|baseline_version=v1 (e0_noise repeats 0+1+2)|candidate_version=v2a|method=mcnemar_exact|family=exploratory_bh,pass_base,64,61,
e1_main.csv,metric=passed|baseline_version=v1 (e0_noise repeats 0+1+2)|candidate_version=v2a|method=mcnemar_exact|family=exploratory_bh,pass_deg,64,61,
e1_main.csv,metric=passed|baseline_version=v1 (e0_noise repeats 0+1+2)|candidate_version=v2a|method=mcnemar_exact|family=exploratory_bh,a,63,60,
e1_main.csv,metric=passed|baseline_version=v1 (e0_noise repeats 0+1+2)|candidate_version=v2a|method=mcnemar_exact|family=exploratory_bh,d,5,8,
e1_main.csv,metric=passed|baseline_version=v1 (e0_noise repeats 0+1+2)|candidate_version=v2a|method=mcnemar_exact|family=exploratory_bh,ci_low,-0.063934,-0.061017,
e1_main.csv,metric=passed|baseline_version=v1 (e0_noise repeats 0+1+2)|candidate_version=v2a|method=mcnemar_exact|family=exploratory_bh,ci_high,0.063934,0.061017,
e1_main.csv,metric=passed|baseline_version=v1 (e0_noise repeats 0+1+2)|candidate_version=v2b|method=mcnemar_exact|family=exploratory_bh,pass_base,64,61,
e1_main.csv,metric=passed|baseline_version=v1 (e0_noise repeats 0+1+2)|candidate_version=v2b|method=mcnemar_exact|family=exploratory_bh,pass_deg,64,63,
e1_main.csv,metric=passed|baseline_version=v1 (e0_noise repeats 0+1+2)|candidate_version=v2b|method=mcnemar_exact|family=exploratory_bh,a,63,61,
e1_main.csv,metric=passed|baseline_version=v1 (e0_noise repeats 0+1+2)|candidate_version=v2b|method=mcnemar_exact|family=exploratory_bh,b,1,0,
e1_main.csv,metric=passed|baseline_version=v1 (e0_noise repeats 0+1+2)|candidate_version=v2b|method=mcnemar_exact|family=exploratory_bh,c,1,2,
e1_main.csv,metric=passed|baseline_version=v1 (e0_noise repeats 0+1+2)|candidate_version=v2b|method=mcnemar_exact|family=exploratory_bh,d,5,7,
e1_main.csv,metric=passed|baseline_version=v1 (e0_noise repeats 0+1+2)|candidate_version=v2b|method=mcnemar_exact|family=exploratory_bh,p_raw,1.000000,0.500000,
e1_main.csv,metric=passed|baseline_version=v1 (e0_noise repeats 0+1+2)|candidate_version=v2b|method=mcnemar_exact|family=exploratory_bh,rd,0.000000,0.028571,
e1_main.csv,metric=passed|baseline_version=v1 (e0_noise repeats 0+1+2)|candidate_version=v2b|method=mcnemar_exact|family=exploratory_bh,ci_low,-0.063934,-0.028993,
e1_main.csv,metric=passed|baseline_version=v1 (e0_noise repeats 0+1+2)|candidate_version=v2b|method=mcnemar_exact|family=exploratory_bh,ci_high,0.063934,0.093886,
e1_main.csv,metric=passed|baseline_version=v1 (e0_noise repeats 0+1+2)|candidate_version=v2b|method=mcnemar_exact|family=exploratory_bh,or,1.000000,,
e1_main.csv,metric=passed|baseline_version=v1 (e0_noise repeats 0+1+2)|candidate_version=v2c|method=mcnemar_exact|family=exploratory_bh,pass_base,64,61,
e1_main.csv,metric=passed|baseline_version=v1 (e0_noise repeats 0+1+2)|candidate_version=v2c|method=mcnemar_exact|family=exploratory_bh,pass_deg,56,55,
e1_main.csv,metric=passed|baseline_version=v1 (e0_noise repeats 0+1+2)|candidate_version=v2c|method=mcnemar_exact|family=exploratory_bh,a,54,52,
e1_main.csv,metric=passed|baseline_version=v1 (e0_noise repeats 0+1+2)|candidate_version=v2c|method=mcnemar_exact|family=exploratory_bh,b,10,9,
e1_main.csv,metric=passed|baseline_version=v1 (e0_noise repeats 0+1+2)|candidate_version=v2c|method=mcnemar_exact|family=exploratory_bh,c,2,3,
e1_main.csv,metric=passed|baseline_version=v1 (e0_noise repeats 0+1+2)|candidate_version=v2c|method=mcnemar_exact|family=exploratory_bh,d,4,6,
e1_main.csv,metric=passed|baseline_version=v1 (e0_noise repeats 0+1+2)|candidate_version=v2c|method=mcnemar_exact|family=exploratory_bh,p_raw,0.038574,0.145996,
e1_main.csv,metric=passed|baseline_version=v1 (e0_noise repeats 0+1+2)|candidate_version=v2c|method=mcnemar_exact|family=exploratory_bh,rd,-0.114286,-0.085714,
e1_main.csv,metric=passed|baseline_version=v1 (e0_noise repeats 0+1+2)|candidate_version=v2c|method=mcnemar_exact|family=exploratory_bh,ci_low,-0.218647,-0.189201,
e1_main.csv,metric=passed|baseline_version=v1 (e0_noise repeats 0+1+2)|candidate_version=v2c|method=mcnemar_exact|family=exploratory_bh,ci_high,-0.015211,0.015186,
e1_main.csv,metric=passed|baseline_version=v1 (e0_noise repeats 0+1+2)|candidate_version=v2c|method=mcnemar_exact|family=exploratory_bh,or,0.200000,0.333333,
e1_main.csv,metric=passed|baseline_version=v1 (e0_noise repeats 0+1+2)|candidate_version=v2d|method=mcnemar_exact|family=exploratory_bh,pass_base,64,61,
e1_main.csv,metric=passed|baseline_version=v1 (e0_noise repeats 0+1+2)|candidate_version=v2d|method=mcnemar_exact|family=exploratory_bh,pass_deg,65,62,
e1_main.csv,metric=passed|baseline_version=v1 (e0_noise repeats 0+1+2)|candidate_version=v2d|method=mcnemar_exact|family=exploratory_bh,a,64,61,
e1_main.csv,metric=passed|baseline_version=v1 (e0_noise repeats 0+1+2)|candidate_version=v2d|method=mcnemar_exact|family=exploratory_bh,d,5,8,
e1_main.csv,metric=passed|baseline_version=v1 (e0_noise repeats 0+1+2)|candidate_version=v2d|method=mcnemar_exact|family=exploratory_bh,ci_low,-0.040956,-0.038493,
e1_main.csv,metric=passed|baseline_version=v1 (e0_noise repeats 0+1+2)|candidate_version=v2d|method=mcnemar_exact|family=exploratory_bh,ci_high,0.075415,0.071426,
e1_power.csv,metric=category_match|candidate_version=v2b|n=30|alpha_basis=holm_worst_case,observed_b,1,0,
e1_power.csv,metric=category_match|candidate_version=v2b|n=30|alpha_basis=holm_worst_case,observed_c,1,2,
e1_power.csv,metric=category_match|candidate_version=v2b|n=30|alpha_basis=holm_worst_case,mean_b,0.428500,0.000000,
e1_power.csv,metric=category_match|candidate_version=v2b|n=30|alpha_basis=holm_worst_case,mean_c,0.414500,0.843000,
e1_power.csv,metric=category_match|candidate_version=v2b|n=30|alpha_basis=nominal,observed_b,1,0,
e1_power.csv,metric=category_match|candidate_version=v2b|n=30|alpha_basis=nominal,observed_c,1,2,
e1_power.csv,metric=category_match|candidate_version=v2b|n=30|alpha_basis=nominal,mean_b,0.428500,0.000000,
e1_power.csv,metric=category_match|candidate_version=v2b|n=30|alpha_basis=nominal,mean_c,0.414500,0.843000,
e1_power.csv,metric=category_match|candidate_version=v2b|n=50|alpha_basis=holm_worst_case,power,0.000000,0.000500,
e1_power.csv,metric=category_match|candidate_version=v2b|n=50|alpha_basis=holm_worst_case,mc_se,0.000000,0.000500,
e1_power.csv,metric=category_match|candidate_version=v2b|n=50|alpha_basis=holm_worst_case,observed_b,1,0,
e1_power.csv,metric=category_match|candidate_version=v2b|n=50|alpha_basis=holm_worst_case,observed_c,1,2,
e1_power.csv,metric=category_match|candidate_version=v2b|n=50|alpha_basis=holm_worst_case,mean_b,0.703500,0.000000,
e1_power.csv,metric=category_match|candidate_version=v2b|n=50|alpha_basis=holm_worst_case,mean_c,0.689000,1.392500,
e1_power.csv,metric=category_match|candidate_version=v2b|n=50|alpha_basis=nominal,power,0.000000,0.004000,
e1_power.csv,metric=category_match|candidate_version=v2b|n=50|alpha_basis=nominal,mc_se,0.000000,0.001411,
e1_power.csv,metric=category_match|candidate_version=v2b|n=50|alpha_basis=nominal,observed_b,1,0,
e1_power.csv,metric=category_match|candidate_version=v2b|n=50|alpha_basis=nominal,observed_c,1,2,
e1_power.csv,metric=category_match|candidate_version=v2b|n=50|alpha_basis=nominal,mean_b,0.703500,0.000000,
e1_power.csv,metric=category_match|candidate_version=v2b|n=50|alpha_basis=nominal,mean_c,0.689000,1.392500,
e1_power.csv,metric=category_match|candidate_version=v2b|n=70|alpha_basis=holm_worst_case,power,0.000000,0.001000,
e1_power.csv,metric=category_match|candidate_version=v2b|n=70|alpha_basis=holm_worst_case,mc_se,0.000000,0.000707,
e1_power.csv,metric=category_match|candidate_version=v2b|n=70|alpha_basis=holm_worst_case,observed_b,1,0,
e1_power.csv,metric=category_match|candidate_version=v2b|n=70|alpha_basis=holm_worst_case,observed_c,1,2,
e1_power.csv,metric=category_match|candidate_version=v2b|n=70|alpha_basis=holm_worst_case,mean_b,0.994000,0.000000,
e1_power.csv,metric=category_match|candidate_version=v2b|n=70|alpha_basis=holm_worst_case,mean_c,0.986000,1.980000,
e1_power.csv,metric=category_match|candidate_version=v2b|n=70|alpha_basis=nominal,power,0.000000,0.013500,
e1_power.csv,metric=category_match|candidate_version=v2b|n=70|alpha_basis=nominal,mc_se,0.000000,0.002580,
e1_power.csv,metric=category_match|candidate_version=v2b|n=70|alpha_basis=nominal,observed_b,1,0,
e1_power.csv,metric=category_match|candidate_version=v2b|n=70|alpha_basis=nominal,observed_c,1,2,
e1_power.csv,metric=category_match|candidate_version=v2b|n=70|alpha_basis=nominal,mean_b,0.994000,0.000000,
e1_power.csv,metric=category_match|candidate_version=v2b|n=70|alpha_basis=nominal,mean_c,0.986000,1.980000,
e1_power.csv,metric=category_match|candidate_version=v2c|n=30|alpha_basis=holm_worst_case,power,0.023000,0.010500,
e1_power.csv,metric=category_match|candidate_version=v2c|n=30|alpha_basis=holm_worst_case,mc_se,0.003352,0.002279,
e1_power.csv,metric=category_match|candidate_version=v2c|n=30|alpha_basis=holm_worst_case,observed_b,10,9,
e1_power.csv,metric=category_match|candidate_version=v2c|n=30|alpha_basis=holm_worst_case,observed_c,2,3,
e1_power.csv,metric=category_match|candidate_version=v2c|n=30|alpha_basis=holm_worst_case,mean_b,4.235500,3.799000,
e1_power.csv,metric=category_match|candidate_version=v2c|n=30|alpha_basis=holm_worst_case,mean_c,0.899000,1.335500,
e1_power.csv,metric=category_match|candidate_version=v2c|n=30|alpha_basis=nominal,power,0.116500,0.056500,
e1_power.csv,metric=category_match|candidate_version=v2c|n=30|alpha_basis=nominal,mc_se,0.007174,0.005163,
e1_power.csv,metric=category_match|candidate_version=v2c|n=30|alpha_basis=nominal,observed_b,10,9,
e1_power.csv,metric=category_match|candidate_version=v2c|n=30|alpha_basis=nominal,observed_c,2,3,
e1_power.csv,metric=category_match|candidate_version=v2c|n=30|alpha_basis=nominal,mean_b,4.235500,3.799000,
e1_power.csv,metric=category_match|candidate_version=v2c|n=30|alpha_basis=nominal,mean_c,0.899000,1.335500,
e1_power.csv,metric=category_match|candidate_version=v2c|n=50|alpha_basis=holm_worst_case,power,0.165000,0.076000,
e1_power.csv,metric=category_match|candidate_version=v2c|n=50|alpha_basis=holm_worst_case,mc_se,0.008300,0.005926,
e1_power.csv,metric=category_match|candidate_version=v2c|n=50|alpha_basis=holm_worst_case,observed_b,10,9,
e1_power.csv,metric=category_match|candidate_version=v2c|n=50|alpha_basis=holm_worst_case,observed_c,2,3,
e1_power.csv,metric=category_match|candidate_version=v2c|n=50|alpha_basis=holm_worst_case,mean_b,7.137000,6.428000,
e1_power.csv,metric=category_match|candidate_version=v2c|n=50|alpha_basis=holm_worst_case,mean_c,1.407500,2.116500,
e1_power.csv,metric=category_match|candidate_version=v2c|n=50|alpha_basis=nominal,power,0.377000,0.200000,
e1_power.csv,metric=category_match|candidate_version=v2c|n=50|alpha_basis=nominal,mc_se,0.010837,0.008944,
e1_power.csv,metric=category_match|candidate_version=v2c|n=50|alpha_basis=nominal,observed_b,10,9,
e1_power.csv,metric=category_match|candidate_version=v2c|n=50|alpha_basis=nominal,observed_c,2,3,
e1_power.csv,metric=category_match|candidate_version=v2c|n=50|alpha_basis=nominal,mean_b,7.137000,6.428000,
e1_power.csv,metric=category_match|candidate_version=v2c|n=50|alpha_basis=nominal,mean_c,1.407500,2.116500,
e1_power.csv,metric=category_match|candidate_version=v2c|n=70|alpha_basis=holm_worst_case,power,0.322000,0.117000,
e1_power.csv,metric=category_match|candidate_version=v2c|n=70|alpha_basis=holm_worst_case,mc_se,0.010448,0.007187,
e1_power.csv,metric=category_match|candidate_version=v2c|n=70|alpha_basis=holm_worst_case,observed_b,10,9,
e1_power.csv,metric=category_match|candidate_version=v2c|n=70|alpha_basis=holm_worst_case,observed_c,2,3,
e1_power.csv,metric=category_match|candidate_version=v2c|n=70|alpha_basis=holm_worst_case,mean_b,9.959500,8.957500,
e1_power.csv,metric=category_match|candidate_version=v2c|n=70|alpha_basis=holm_worst_case,mean_c,2.057000,3.059000,
e1_power.csv,metric=category_match|candidate_version=v2c|n=70|alpha_basis=nominal,power,0.550500,0.291000,
e1_power.csv,metric=category_match|candidate_version=v2c|n=70|alpha_basis=nominal,mc_se,0.011123,0.010157,
e1_power.csv,metric=category_match|candidate_version=v2c|n=70|alpha_basis=nominal,observed_b,10,9,
e1_power.csv,metric=category_match|candidate_version=v2c|n=70|alpha_basis=nominal,observed_c,2,3,
e1_power.csv,metric=category_match|candidate_version=v2c|n=70|alpha_basis=nominal,mean_b,9.959500,8.957500,
e1_power.csv,metric=category_match|candidate_version=v2c|n=70|alpha_basis=nominal,mean_c,2.057000,3.059000,
e5_strata.csv,exp_id=e0_noise|prompt_version=v1|metric=category_match|stratum_kind=category|stratum=account|family=exploratory_bh_strata_baseline,n,16,14,
e5_strata.csv,exp_id=e0_noise|prompt_version=v1|metric=category_match|stratum_kind=category|stratum=account|family=exploratory_bh_strata_baseline,k,16,14,
e5_strata.csv,exp_id=e0_noise|prompt_version=v1|metric=category_match|stratum_kind=category|stratum=account|family=exploratory_bh_strata_baseline,wilson_lo,0.806392,0.784689,
e5_strata.csv,exp_id=e0_noise|prompt_version=v1|metric=category_match|stratum_kind=category|stratum=account|family=exploratory_bh_strata_baseline,ci_width,0.193608,0.215311,
e5_strata.csv,exp_id=e0_noise|prompt_version=v1|metric=category_match|stratum_kind=category|stratum=account|family=exploratory_bh_strata_baseline,n_rest,54,56,
e5_strata.csv,exp_id=e0_noise|prompt_version=v1|metric=category_match|stratum_kind=category|stratum=account|family=exploratory_bh_strata_baseline,k_rest,48,47,
e5_strata.csv,exp_id=e0_noise|prompt_version=v1|metric=category_match|stratum_kind=category|stratum=account|family=exploratory_bh_strata_baseline,estimate_rest,0.888889,0.839286,
e5_strata.csv,exp_id=e0_noise|prompt_version=v1|metric=category_match|stratum_kind=category|stratum=account|family=exploratory_bh_strata_baseline,difference,0.111111,0.160714,
e5_strata.csv,exp_id=e0_noise|prompt_version=v1|metric=category_match|stratum_kind=category|stratum=account|family=exploratory_bh_strata_baseline,fisher_p,0.324642,0.187959,
e5_strata.csv,exp_id=e0_noise|prompt_version=v1|metric=category_match|stratum_kind=category|stratum=billing|family=exploratory_bh_strata_baseline,n,19,20,
e5_strata.csv,exp_id=e0_noise|prompt_version=v1|metric=category_match|stratum_kind=category|stratum=billing|family=exploratory_bh_strata_baseline,estimate,0.947368,0.900000,
e5_strata.csv,exp_id=e0_noise|prompt_version=v1|metric=category_match|stratum_kind=category|stratum=billing|family=exploratory_bh_strata_baseline,wilson_lo,0.753613,0.698966,
e5_strata.csv,exp_id=e0_noise|prompt_version=v1|metric=category_match|stratum_kind=category|stratum=billing|family=exploratory_bh_strata_baseline,wilson_hi,0.990648,0.972134,
e5_strata.csv,exp_id=e0_noise|prompt_version=v1|metric=category_match|stratum_kind=category|stratum=billing|family=exploratory_bh_strata_baseline,ci_width,0.237035,0.273167,
e5_strata.csv,exp_id=e0_noise|prompt_version=v1|metric=category_match|stratum_kind=category|stratum=billing|family=exploratory_bh_strata_baseline,n_rest,51,50,
e5_strata.csv,exp_id=e0_noise|prompt_version=v1|metric=category_match|stratum_kind=category|stratum=billing|family=exploratory_bh_strata_baseline,k_rest,46,43,
e5_strata.csv,exp_id=e0_noise|prompt_version=v1|metric=category_match|stratum_kind=category|stratum=billing|family=exploratory_bh_strata_baseline,estimate_rest,0.901961,0.860000,
e5_strata.csv,exp_id=e0_noise|prompt_version=v1|metric=category_match|stratum_kind=category|stratum=billing|family=exploratory_bh_strata_baseline,difference,0.045408,0.040000,
e5_strata.csv,exp_id=e0_noise|prompt_version=v1|metric=category_match|stratum_kind=category|stratum=general|family=exploratory_bh_strata_baseline,n,17,16,
e5_strata.csv,exp_id=e0_noise|prompt_version=v1|metric=category_match|stratum_kind=category|stratum=general|family=exploratory_bh_strata_baseline,k,13,12,
e5_strata.csv,exp_id=e0_noise|prompt_version=v1|metric=category_match|stratum_kind=category|stratum=general|family=exploratory_bh_strata_baseline,estimate,0.764706,0.750000,
e5_strata.csv,exp_id=e0_noise|prompt_version=v1|metric=category_match|stratum_kind=category|stratum=general|family=exploratory_bh_strata_baseline,wilson_lo,0.527382,0.505017,
e5_strata.csv,exp_id=e0_noise|prompt_version=v1|metric=category_match|stratum_kind=category|stratum=general|family=exploratory_bh_strata_baseline,wilson_hi,0.904450,0.898179,
e5_strata.csv,exp_id=e0_noise|prompt_version=v1|metric=category_match|stratum_kind=category|stratum=general|family=exploratory_bh_strata_baseline,ci_width,0.377068,0.393162,
e5_strata.csv,exp_id=e0_noise|prompt_version=v1|metric=category_match|stratum_kind=category|stratum=general|family=exploratory_bh_strata_baseline,n_rest,53,54,
e5_strata.csv,exp_id=e0_noise|prompt_version=v1|metric=category_match|stratum_kind=category|stratum=general|family=exploratory_bh_strata_baseline,k_rest,51,49,
e5_strata.csv,exp_id=e0_noise|prompt_version=v1|metric=category_match|stratum_kind=category|stratum=general|family=exploratory_bh_strata_baseline,estimate_rest,0.962264,0.907407,
e5_strata.csv,exp_id=e0_noise|prompt_version=v1|metric=category_match|stratum_kind=category|stratum=general|family=exploratory_bh_strata_baseline,difference,-0.197558,-0.157407,
e5_strata.csv,exp_id=e0_noise|prompt_version=v1|metric=category_match|stratum_kind=category|stratum=general|family=exploratory_bh_strata_baseline,fisher_p,0.027609,0.194835,
e5_strata.csv,exp_id=e0_noise|prompt_version=v1|metric=category_match|stratum_kind=category|stratum=technical|family=exploratory_bh_strata_baseline,n,18,20,
e5_strata.csv,exp_id=e0_noise|prompt_version=v1|metric=category_match|stratum_kind=category|stratum=technical|family=exploratory_bh_strata_baseline,estimate,0.944444,0.850000,
e5_strata.csv,exp_id=e0_noise|prompt_version=v1|metric=category_match|stratum_kind=category|stratum=technical|family=exploratory_bh_strata_baseline,wilson_lo,0.742427,0.639581,
e5_strata.csv,exp_id=e0_noise|prompt_version=v1|metric=category_match|stratum_kind=category|stratum=technical|family=exploratory_bh_strata_baseline,wilson_hi,0.990125,0.947631,
e5_strata.csv,exp_id=e0_noise|prompt_version=v1|metric=category_match|stratum_kind=category|stratum=technical|family=exploratory_bh_strata_baseline,ci_width,0.247698,0.308050,
e5_strata.csv,exp_id=e0_noise|prompt_version=v1|metric=category_match|stratum_kind=category|stratum=technical|family=exploratory_bh_strata_baseline,n_rest,52,50,
e5_strata.csv,exp_id=e0_noise|prompt_version=v1|metric=category_match|stratum_kind=category|stratum=technical|family=exploratory_bh_strata_baseline,k_rest,47,44,
e5_strata.csv,exp_id=e0_noise|prompt_version=v1|metric=category_match|stratum_kind=category|stratum=technical|family=exploratory_bh_strata_baseline,estimate_rest,0.903846,0.880000,
e5_strata.csv,exp_id=e0_noise|prompt_version=v1|metric=category_match|stratum_kind=category|stratum=technical|family=exploratory_bh_strata_baseline,difference,0.040598,-0.030000,
e5_strata.csv,exp_id=e0_noise|prompt_version=v1|metric=category_match|stratum_kind=category|stratum=technical|family=exploratory_bh_strata_baseline,fisher_p,1.000000,0.708181,
e5_strata.csv,exp_id=e0_noise|prompt_version=v1|metric=category_match|stratum_kind=difficulty|stratum=ambiguous|family=exploratory_bh_strata_baseline,k,16,15,
e5_strata.csv,exp_id=e0_noise|prompt_version=v1|metric=category_match|stratum_kind=difficulty|stratum=ambiguous|family=exploratory_bh_strata_baseline,estimate,0.941176,0.882353,
e5_strata.csv,exp_id=e0_noise|prompt_version=v1|metric=category_match|stratum_kind=difficulty|stratum=ambiguous|family=exploratory_bh_strata_baseline,wilson_lo,0.730180,0.656636,
e5_strata.csv,exp_id=e0_noise|prompt_version=v1|metric=category_match|stratum_kind=difficulty|stratum=ambiguous|family=exploratory_bh_strata_baseline,wilson_hi,0.989540,0.967120,
e5_strata.csv,exp_id=e0_noise|prompt_version=v1|metric=category_match|stratum_kind=difficulty|stratum=ambiguous|family=exploratory_bh_strata_baseline,ci_width,0.259360,0.310484,
e5_strata.csv,exp_id=e0_noise|prompt_version=v1|metric=category_match|stratum_kind=difficulty|stratum=ambiguous|family=exploratory_bh_strata_baseline,k_rest,48,46,
e5_strata.csv,exp_id=e0_noise|prompt_version=v1|metric=category_match|stratum_kind=difficulty|stratum=ambiguous|family=exploratory_bh_strata_baseline,estimate_rest,0.905660,0.867925,
e5_strata.csv,exp_id=e0_noise|prompt_version=v1|metric=category_match|stratum_kind=difficulty|stratum=ambiguous|family=exploratory_bh_strata_baseline,difference,0.035516,0.014428,
e5_strata.csv,exp_id=e0_noise|prompt_version=v1|metric=category_match|stratum_kind=difficulty|stratum=easy|family=exploratory_bh_strata_baseline,k,44,42,
e5_strata.csv,exp_id=e0_noise|prompt_version=v1|metric=category_match|stratum_kind=difficulty|stratum=easy|family=exploratory_bh_strata_baseline,estimate,0.977778,0.933333,
e5_strata.csv,exp_id=e0_noise|prompt_version=v1|metric=category_match|stratum_kind=difficulty|stratum=easy|family=exploratory_bh_strata_baseline,wilson_lo,0.884333,0.821434,
e5_strata.csv,exp_id=e0_noise|prompt_version=v1|metric=category_match|stratum_kind=difficulty|stratum=easy|family=exploratory_bh_strata_baseline,wilson_hi,0.996066,0.977068,
e5_strata.csv,exp_id=e0_noise|prompt_version=v1|metric=category_match|stratum_kind=difficulty|stratum=easy|family=exploratory_bh_strata_baseline,ci_width,0.111733,0.155634,
e5_strata.csv,exp_id=e0_noise|prompt_version=v1|metric=category_match|stratum_kind=difficulty|stratum=easy|family=exploratory_bh_strata_baseline,k_rest,20,19,
e5_strata.csv,exp_id=e0_noise|prompt_version=v1|metric=category_match|stratum_kind=difficulty|stratum=easy|family=exploratory_bh_strata_baseline,estimate_rest,0.800000,0.760000,
e5_strata.csv,exp_id=e0_noise|prompt_version=v1|metric=category_match|stratum_kind=difficulty|stratum=easy|family=exploratory_bh_strata_baseline,difference,0.177778,0.173333,
e5_strata.csv,exp_id=e0_noise|prompt_version=v1|metric=category_match|stratum_kind=difficulty|stratum=easy|family=exploratory_bh_strata_baseline,fisher_p,0.019585,0.060366,
e5_strata.csv,exp_id=e0_noise|prompt_version=v1|metric=category_match|stratum_kind=difficulty|stratum=edge|family=exploratory_bh_strata_baseline,k_rest,60,57,
e5_strata.csv,exp_id=e0_noise|prompt_version=v1|metric=category_match|stratum_kind=difficulty|stratum=edge|family=exploratory_bh_strata_baseline,estimate_rest,0.967742,0.919355,
e5_strata.csv,exp_id=e0_noise|prompt_version=v1|metric=category_match|stratum_kind=difficulty|stratum=edge|family=exploratory_bh_strata_baseline,difference,-0.467742,-0.419355,
e5_strata.csv,exp_id=e0_noise|prompt_version=v1|metric=category_match|stratum_kind=difficulty|stratum=edge|family=exploratory_bh_strata_baseline,fisher_p,0.001036,0.007462,
e5_strata.csv,exp_id=e0_noise|prompt_version=v1|metric=category_match|stratum_kind=language|stratum=en|family=exploratory_bh_strata_baseline,k,26,24,
e5_strata.csv,exp_id=e0_noise|prompt_version=v1|metric=category_match|stratum_kind=language|stratum=en|family=exploratory_bh_strata_baseline,estimate,0.928571,0.857143,
e5_strata.csv,exp_id=e0_noise|prompt_version=v1|metric=category_match|stratum_kind=language|stratum=en|family=exploratory_bh_strata_baseline,wilson_lo,0.773546,0.685102,
e5_strata.csv,exp_id=e0_noise|prompt_version=v1|metric=category_match|stratum_kind=language|stratum=en|family=exploratory_bh_strata_baseline,wilson_hi,0.980188,0.943010,
e5_strata.csv,exp_id=e0_noise|prompt_version=v1|metric=category_match|stratum_kind=language|stratum=en|family=exploratory_bh_strata_baseline,ci_width,0.206642,0.257908,
e5_strata.csv,exp_id=e0_noise|prompt_version=v1|metric=category_match|stratum_kind=language|stratum=en|family=exploratory_bh_strata_baseline,k_rest,38,37,
e5_strata.csv,exp_id=e0_noise|prompt_version=v1|metric=category_match|stratum_kind=language|stratum=en|family=exploratory_bh_strata_baseline,estimate_rest,0.904762,0.880952,
e5_strata.csv,exp_id=e0_noise|prompt_version=v1|metric=category_match|stratum_kind=language|stratum=en|family=exploratory_bh_strata_baseline,difference,0.023810,-0.023810,
e5_strata.csv,exp_id=e0_noise|prompt_version=v1|metric=category_match|stratum_kind=language|stratum=mixed|family=exploratory_bh_strata_baseline,k_rest,57,54,
e5_strata.csv,exp_id=e0_noise|prompt_version=v1|metric=category_match|stratum_kind=language|stratum=mixed|family=exploratory_bh_strata_baseline,estimate_rest,0.904762,0.857143,
e5_strata.csv,exp_id=e0_noise|prompt_version=v1|metric=category_match|stratum_kind=language|stratum=mixed|family=exploratory_bh_strata_baseline,difference,0.095238,0.142857,
e5_strata.csv,exp_id=e0_noise|prompt_version=v1|metric=category_match|stratum_kind=language|stratum=mixed|family=exploratory_bh_strata_baseline,fisher_p,1.000000,0.583134,
e5_strata.csv,exp_id=e0_noise|prompt_version=v1|metric=category_match|stratum_kind=language|stratum=zh-tw|family=exploratory_bh_strata_baseline,k,31,30,
e5_strata.csv,exp_id=e0_noise|prompt_version=v1|metric=category_match|stratum_kind=language|stratum=zh-tw|family=exploratory_bh_strata_baseline,estimate,0.885714,0.857143,
e5_strata.csv,exp_id=e0_noise|prompt_version=v1|metric=category_match|stratum_kind=language|stratum=zh-tw|family=exploratory_bh_strata_baseline,wilson_lo,0.740485,0.706244,
e5_strata.csv,exp_id=e0_noise|prompt_version=v1|metric=category_match|stratum_kind=language|stratum=zh-tw|family=exploratory_bh_strata_baseline,wilson_hi,0.954648,0.937398,
e5_strata.csv,exp_id=e0_noise|prompt_version=v1|metric=category_match|stratum_kind=language|stratum=zh-tw|family=exploratory_bh_strata_baseline,ci_width,0.214163,0.231153,
e5_strata.csv,exp_id=e0_noise|prompt_version=v1|metric=category_match|stratum_kind=language|stratum=zh-tw|family=exploratory_bh_strata_baseline,k_rest,33,31,
e5_strata.csv,exp_id=e0_noise|prompt_version=v1|metric=category_match|stratum_kind=language|stratum=zh-tw|family=exploratory_bh_strata_baseline,estimate_rest,0.942857,0.885714,
e5_strata.csv,exp_id=e0_noise|prompt_version=v1|metric=category_match|stratum_kind=language|stratum=zh-tw|family=exploratory_bh_strata_baseline,difference,-0.057143,-0.028571,
e5_strata.csv,exp_id=e0_noise|prompt_version=v1|metric=category_match|stratum_kind=language|stratum=zh-tw|family=exploratory_bh_strata_baseline,fisher_p,0.673289,1.000000,
e5_strata.csv,exp_id=e0_noise|prompt_version=v1|metric=category_match|stratum_kind=overall|stratum=all|family=descriptive,k,64,61,
e5_strata.csv,exp_id=e0_noise|prompt_version=v1|metric=category_match|stratum_kind=overall|stratum=all|family=descriptive,estimate,0.914286,0.871429,
e5_strata.csv,exp_id=e0_noise|prompt_version=v1|metric=category_match|stratum_kind=overall|stratum=all|family=descriptive,wilson_lo,0.825343,0.773352,
e5_strata.csv,exp_id=e0_noise|prompt_version=v1|metric=category_match|stratum_kind=overall|stratum=all|family=descriptive,wilson_hi,0.960123,0.930859,
e5_strata.csv,exp_id=e0_noise|prompt_version=v1|metric=category_match|stratum_kind=overall|stratum=all|family=descriptive,ci_width,0.134780,0.157507,
e5_strata.csv,exp_id=e1_v2a|prompt_version=v2a|metric=category_match|stratum_kind=category|stratum=account|family=exploratory_bh_strata_degraded,n,16,14,
e5_strata.csv,exp_id=e1_v2a|prompt_version=v2a|metric=category_match|stratum_kind=category|stratum=account|family=exploratory_bh_strata_degraded,k,16,14,
e5_strata.csv,exp_id=e1_v2a|prompt_version=v2a|metric=category_match|stratum_kind=category|stratum=account|family=exploratory_bh_strata_degraded,wilson_lo,0.806392,0.784689,
e5_strata.csv,exp_id=e1_v2a|prompt_version=v2a|metric=category_match|stratum_kind=category|stratum=account|family=exploratory_bh_strata_degraded,ci_width,0.193608,0.215311,
e5_strata.csv,exp_id=e1_v2a|prompt_version=v2a|metric=category_match|stratum_kind=category|stratum=account|family=exploratory_bh_strata_degraded,n_rest,54,56,
e5_strata.csv,exp_id=e1_v2a|prompt_version=v2a|metric=category_match|stratum_kind=category|stratum=account|family=exploratory_bh_strata_degraded,k_rest,48,47,
e5_strata.csv,exp_id=e1_v2a|prompt_version=v2a|metric=category_match|stratum_kind=category|stratum=account|family=exploratory_bh_strata_degraded,estimate_rest,0.888889,0.839286,
e5_strata.csv,exp_id=e1_v2a|prompt_version=v2a|metric=category_match|stratum_kind=category|stratum=account|family=exploratory_bh_strata_degraded,difference,0.111111,0.160714,
e5_strata.csv,exp_id=e1_v2a|prompt_version=v2a|metric=category_match|stratum_kind=category|stratum=account|family=exploratory_bh_strata_degraded,fisher_p,0.324642,0.187959,
e5_strata.csv,exp_id=e1_v2a|prompt_version=v2a|metric=category_match|stratum_kind=category|stratum=billing|family=exploratory_bh_strata_degraded,n,19,20,
e5_strata.csv,exp_id=e1_v2a|prompt_version=v2a|metric=category_match|stratum_kind=category|stratum=billing|family=exploratory_bh_strata_degraded,estimate,0.894737,0.850000,
e5_strata.csv,exp_id=e1_v2a|prompt_version=v2a|metric=category_match|stratum_kind=category|stratum=billing|family=exploratory_bh_strata_degraded,wilson_lo,0.686059,0.639581,
e5_strata.csv,exp_id=e1_v2a|prompt_version=v2a|metric=category_match|stratum_kind=category|stratum=billing|family=exploratory_bh_strata_degraded,wilson_hi,0.970641,0.947631,
e5_strata.csv,exp_id=e1_v2a|prompt_version=v2a|metric=category_match|stratum_kind=category|stratum=billing|family=exploratory_bh_strata_degraded,ci_width,0.284582,0.308050,
e5_strata.csv,exp_id=e1_v2a|prompt_version=v2a|metric=category_match|stratum_kind=category|stratum=billing|family=exploratory_bh_strata_degraded,n_rest,51,50,
e5_strata.csv,exp_id=e1_v2a|prompt_version=v2a|metric=category_match|stratum_kind=category|stratum=billing|family=exploratory_bh_strata_degraded,k_rest,47,44,
e5_strata.csv,exp_id=e1_v2a|prompt_version=v2a|metric=category_match|stratum_kind=category|stratum=billing|family=exploratory_bh_strata_degraded,estimate_rest,0.921569,0.880000,
e5_strata.csv,exp_id=e1_v2a|prompt_version=v2a|metric=category_match|stratum_kind=category|stratum=billing|family=exploratory_bh_strata_degraded,difference,-0.026832,-0.030000,
e5_strata.csv,exp_id=e1_v2a|prompt_version=v2a|metric=category_match|stratum_kind=category|stratum=billing|family=exploratory_bh_strata_degraded,fisher_p,0.659598,0.708181,
e5_strata.csv,exp_id=e1_v2a|prompt_version=v2a|metric=category_match|stratum_kind=category|stratum=general|family=exploratory_bh_strata_degraded,n,17,16,
e5_strata.csv,exp_id=e1_v2a|prompt_version=v2a|metric=category_match|stratum_kind=category|stratum=general|family=exploratory_bh_strata_degraded,k,14,13,
e5_strata.csv,exp_id=e1_v2a|prompt_version=v2a|metric=category_match|stratum_kind=category|stratum=general|family=exploratory_bh_strata_degraded,estimate,0.823529,0.812500,
e5_strata.csv,exp_id=e1_v2a|prompt_version=v2a|metric=category_match|stratum_kind=category|stratum=general|family=exploratory_bh_strata_degraded,wilson_lo,0.589705,0.569911,
e5_strata.csv,exp_id=e1_v2a|prompt_version=v2a|metric=category_match|stratum_kind=category|stratum=general|family=exploratory_bh_strata_degraded,wilson_hi,0.938089,0.934084,
e5_strata.csv,exp_id=e1_v2a|prompt_version=v2a|metric=category_match|stratum_kind=category|stratum=general|family=exploratory_bh_strata_degraded,ci_width,0.348383,0.364173,
e5_strata.csv,exp_id=e1_v2a|prompt_version=v2a|metric=category_match|stratum_kind=category|stratum=general|family=exploratory_bh_strata_degraded,n_rest,53,54,
e5_strata.csv,exp_id=e1_v2a|prompt_version=v2a|metric=category_match|stratum_kind=category|stratum=general|family=exploratory_bh_strata_degraded,k_rest,50,48,
e5_strata.csv,exp_id=e1_v2a|prompt_version=v2a|metric=category_match|stratum_kind=category|stratum=general|family=exploratory_bh_strata_degraded,estimate_rest,0.943396,0.888889,
e5_strata.csv,exp_id=e1_v2a|prompt_version=v2a|metric=category_match|stratum_kind=category|stratum=general|family=exploratory_bh_strata_degraded,difference,-0.119867,-0.076389,
e5_strata.csv,exp_id=e1_v2a|prompt_version=v2a|metric=category_match|stratum_kind=category|stratum=general|family=exploratory_bh_strata_degraded,fisher_p,0.149102,0.417231,
e5_strata.csv,exp_id=e1_v2a|prompt_version=v2a|metric=category_match|stratum_kind=category|stratum=technical|family=exploratory_bh_strata_degraded,n,18,20,
e5_strata.csv,exp_id=e1_v2a|prompt_version=v2a|metric=category_match|stratum_kind=category|stratum=technical|family=exploratory_bh_strata_degraded,estimate,0.944444,0.850000,
e5_strata.csv,exp_id=e1_v2a|prompt_version=v2a|metric=category_match|stratum_kind=category|stratum=technical|family=exploratory_bh_strata_degraded,wilson_lo,0.742427,0.639581,
e5_strata.csv,exp_id=e1_v2a|prompt_version=v2a|metric=category_match|stratum_kind=category|stratum=technical|family=exploratory_bh_strata_degraded,wilson_hi,0.990125,0.947631,
e5_strata.csv,exp_id=e1_v2a|prompt_version=v2a|metric=category_match|stratum_kind=category|stratum=technical|family=exploratory_bh_strata_degraded,ci_width,0.247698,0.308050,
e5_strata.csv,exp_id=e1_v2a|prompt_version=v2a|metric=category_match|stratum_kind=category|stratum=technical|family=exploratory_bh_strata_degraded,n_rest,52,50,
e5_strata.csv,exp_id=e1_v2a|prompt_version=v2a|metric=category_match|stratum_kind=category|stratum=technical|family=exploratory_bh_strata_degraded,k_rest,47,44,
e5_strata.csv,exp_id=e1_v2a|prompt_version=v2a|metric=category_match|stratum_kind=category|stratum=technical|family=exploratory_bh_strata_degraded,estimate_rest,0.903846,0.880000,
e5_strata.csv,exp_id=e1_v2a|prompt_version=v2a|metric=category_match|stratum_kind=category|stratum=technical|family=exploratory_bh_strata_degraded,difference,0.040598,-0.030000,
e5_strata.csv,exp_id=e1_v2a|prompt_version=v2a|metric=category_match|stratum_kind=category|stratum=technical|family=exploratory_bh_strata_degraded,fisher_p,1.000000,0.708181,
e5_strata.csv,exp_id=e1_v2a|prompt_version=v2a|metric=category_match|stratum_kind=difficulty|stratum=ambiguous|family=exploratory_bh_strata_degraded,k,15,14,
e5_strata.csv,exp_id=e1_v2a|prompt_version=v2a|metric=category_match|stratum_kind=difficulty|stratum=ambiguous|family=exploratory_bh_strata_degraded,estimate,0.882353,0.823529,
e5_strata.csv,exp_id=e1_v2a|prompt_version=v2a|metric=category_match|stratum_kind=difficulty|stratum=ambiguous|family=exploratory_bh_strata_degraded,wilson_lo,0.656636,0.589705,
e5_strata.csv,exp_id=e1_v2a|prompt_version=v2a|metric=category_match|stratum_kind=difficulty|stratum=ambiguous|family=exploratory_bh_strata_degraded,wilson_hi,0.967120,0.938089,
e5_strata.csv,exp_id=e1_v2a|prompt_version=v2a|metric=category_match|stratum_kind=difficulty|stratum=ambiguous|family=exploratory_bh_strata_degraded,ci_width,0.310484,0.348383,
e5_strata.csv,exp_id=e1_v2a|prompt_version=v2a|metric=category_match|stratum_kind=difficulty|stratum=ambiguous|family=exploratory_bh_strata_degraded,k_rest,49,47,
e5_strata.csv,exp_id=e1_v2a|prompt_version=v2a|metric=category_match|stratum_kind=difficulty|stratum=ambiguous|family=exploratory_bh_strata_degraded,estimate_rest,0.924528,0.886792,
e5_strata.csv,exp_id=e1_v2a|prompt_version=v2a|metric=category_match|stratum_kind=difficulty|stratum=ambiguous|family=exploratory_bh_strata_degraded,difference,-0.042175,-0.063263,
e5_strata.csv,exp_id=e1_v2a|prompt_version=v2a|metric=category_match|stratum_kind=difficulty|stratum=ambiguous|family=exploratory_bh_strata_degraded,fisher_p,0.627928,0.677652,
e5_strata.csv,exp_id=e1_v2a|prompt_version=v2a|metric=category_match|stratum_kind=difficulty|stratum=easy|family=exploratory_bh_strata_degraded,k,44,42,
e5_strata.csv,exp_id=e1_v2a|prompt_version=v2a|metric=category_match|stratum_kind=difficulty|stratum=easy|family=exploratory_bh_strata_degraded,estimate,0.977778,0.933333,
e5_strata.csv,exp_id=e1_v2a|prompt_version=v2a|metric=category_match|stratum_kind=difficulty|stratum=easy|family=exploratory_bh_strata_degraded,wilson_lo,0.884333,0.821434,
e5_strata.csv,exp_id=e1_v2a|prompt_version=v2a|metric=category_match|stratum_kind=difficulty|stratum=easy|family=exploratory_bh_strata_degraded,wilson_hi,0.996066,0.977068,
e5_strata.csv,exp_id=e1_v2a|prompt_version=v2a|metric=category_match|stratum_kind=difficulty|stratum=easy|family=exploratory_bh_strata_degraded,ci_width,0.111733,0.155634,
e5_strata.csv,exp_id=e1_v2a|prompt_version=v2a|metric=category_match|stratum_kind=difficulty|stratum=easy|family=exploratory_bh_strata_degraded,k_rest,20,19,
e5_strata.csv,exp_id=e1_v2a|prompt_version=v2a|metric=category_match|stratum_kind=difficulty|stratum=easy|family=exploratory_bh_strata_degraded,estimate_rest,0.800000,0.760000,
e5_strata.csv,exp_id=e1_v2a|prompt_version=v2a|metric=category_match|stratum_kind=difficulty|stratum=easy|family=exploratory_bh_strata_degraded,difference,0.177778,0.173333,
e5_strata.csv,exp_id=e1_v2a|prompt_version=v2a|metric=category_match|stratum_kind=difficulty|stratum=easy|family=exploratory_bh_strata_degraded,fisher_p,0.019585,0.060366,
e5_strata.csv,exp_id=e1_v2a|prompt_version=v2a|metric=category_match|stratum_kind=difficulty|stratum=edge|family=exploratory_bh_strata_degraded,k_rest,59,56,
e5_strata.csv,exp_id=e1_v2a|prompt_version=v2a|metric=category_match|stratum_kind=difficulty|stratum=edge|family=exploratory_bh_strata_degraded,estimate_rest,0.951613,0.903226,
e5_strata.csv,exp_id=e1_v2a|prompt_version=v2a|metric=category_match|stratum_kind=difficulty|stratum=edge|family=exploratory_bh_strata_degraded,difference,-0.326613,-0.278226,
e5_strata.csv,exp_id=e1_v2a|prompt_version=v2a|metric=category_match|stratum_kind=difficulty|stratum=edge|family=exploratory_bh_strata_degraded,fisher_p,0.017189,0.060397,
e5_strata.csv,exp_id=e1_v2a|prompt_version=v2a|metric=category_match|stratum_kind=language|stratum=en|family=exploratory_bh_strata_degraded,k,27,25,
e5_strata.csv,exp_id=e1_v2a|prompt_version=v2a|metric=category_match|stratum_kind=language|stratum=en|family=exploratory_bh_strata_degraded,estimate,0.964286,0.892857,
e5_strata.csv,exp_id=e1_v2a|prompt_version=v2a|metric=category_match|stratum_kind=language|stratum=en|family=exploratory_bh_strata_degraded,wilson_lo,0.822878,0.728041,
e5_strata.csv,exp_id=e1_v2a|prompt_version=v2a|metric=category_match|stratum_kind=language|stratum=en|family=exploratory_bh_strata_degraded,wilson_hi,0.993667,0.962882,
e5_strata.csv,exp_id=e1_v2a|prompt_version=v2a|metric=category_match|stratum_kind=language|stratum=en|family=exploratory_bh_strata_degraded,ci_width,0.170789,0.234840,
e5_strata.csv,exp_id=e1_v2a|prompt_version=v2a|metric=category_match|stratum_kind=language|stratum=en|family=exploratory_bh_strata_degraded,k_rest,37,36,
e5_strata.csv,exp_id=e1_v2a|prompt_version=v2a|metric=category_match|stratum_kind=language|stratum=en|family=exploratory_bh_strata_degraded,estimate_rest,0.880952,0.857143,
e5_strata.csv,exp_id=e1_v2a|prompt_version=v2a|metric=category_match|stratum_kind=language|stratum=en|family=exploratory_bh_strata_degraded,difference,0.083333,0.035714,
e5_strata.csv,exp_id=e1_v2a|prompt_version=v2a|metric=category_match|stratum_kind=language|stratum=en|family=exploratory_bh_strata_degraded,fisher_p,0.390478,0.732178,
e5_strata.csv,exp_id=e1_v2a|prompt_version=v2a|metric=category_match|stratum_kind=language|stratum=mixed|family=exploratory_bh_strata_degraded,k_rest,57,54,
e5_strata.csv,exp_id=e1_v2a|prompt_version=v2a|metric=category_match|stratum_kind=language|stratum=mixed|family=exploratory_bh_strata_degraded,estimate_rest,0.904762,0.857143,
e5_strata.csv,exp_id=e1_v2a|prompt_version=v2a|metric=category_match|stratum_kind=language|stratum=mixed|family=exploratory_bh_strata_degraded,difference,0.095238,0.142857,
e5_strata.csv,exp_id=e1_v2a|prompt_version=v2a|metric=category_match|stratum_kind=language|stratum=mixed|family=exploratory_bh_strata_degraded,fisher_p,1.000000,0.583134,
e5_strata.csv,exp_id=e1_v2a|prompt_version=v2a|metric=category_match|stratum_kind=language|stratum=zh-tw|family=exploratory_bh_strata_degraded,k,30,29,
e5_strata.csv,exp_id=e1_v2a|prompt_version=v2a|metric=category_match|stratum_kind=language|stratum=zh-tw|family=exploratory_bh_strata_degraded,estimate,0.857143,0.828571,
e5_strata.csv,exp_id=e1_v2a|prompt_version=v2a|metric=category_match|stratum_kind=language|stratum=zh-tw|family=exploratory_bh_strata_degraded,wilson_lo,0.706244,0.673177,
e5_strata.csv,exp_id=e1_v2a|prompt_version=v2a|metric=category_match|stratum_kind=language|stratum=zh-tw|family=exploratory_bh_strata_degraded,wilson_hi,0.937398,0.918974,
e5_strata.csv,exp_id=e1_v2a|prompt_version=v2a|metric=category_match|stratum_kind=language|stratum=zh-tw|family=exploratory_bh_strata_degraded,ci_width,0.231153,0.245796,
e5_strata.csv,exp_id=e1_v2a|prompt_version=v2a|metric=category_match|stratum_kind=language|stratum=zh-tw|family=exploratory_bh_strata_degraded,k_rest,34,32,
e5_strata.csv,exp_id=e1_v2a|prompt_version=v2a|metric=category_match|stratum_kind=language|stratum=zh-tw|family=exploratory_bh_strata_degraded,estimate_rest,0.971429,0.914286,
e5_strata.csv,exp_id=e1_v2a|prompt_version=v2a|metric=category_match|stratum_kind=language|stratum=zh-tw|family=exploratory_bh_strata_degraded,difference,-0.114286,-0.085714,
e5_strata.csv,exp_id=e1_v2a|prompt_version=v2a|metric=category_match|stratum_kind=language|stratum=zh-tw|family=exploratory_bh_strata_degraded,fisher_p,0.198073,0.477263,
e5_strata.csv,exp_id=e1_v2a|prompt_version=v2a|metric=category_match|stratum_kind=overall|stratum=all|family=descriptive,k,64,61,
e5_strata.csv,exp_id=e1_v2a|prompt_version=v2a|metric=category_match|stratum_kind=overall|stratum=all|family=descriptive,estimate,0.914286,0.871429,
e5_strata.csv,exp_id=e1_v2a|prompt_version=v2a|metric=category_match|stratum_kind=overall|stratum=all|family=descriptive,wilson_lo,0.825343,0.773352,
e5_strata.csv,exp_id=e1_v2a|prompt_version=v2a|metric=category_match|stratum_kind=overall|stratum=all|family=descriptive,wilson_hi,0.960123,0.930859,
e5_strata.csv,exp_id=e1_v2a|prompt_version=v2a|metric=category_match|stratum_kind=overall|stratum=all|family=descriptive,ci_width,0.134780,0.157507,
e5_strata.csv,exp_id=e1_v2b|prompt_version=v2b|metric=category_match|stratum_kind=category|stratum=account|family=exploratory_bh_strata_degraded,n,16,14,
e5_strata.csv,exp_id=e1_v2b|prompt_version=v2b|metric=category_match|stratum_kind=category|stratum=account|family=exploratory_bh_strata_degraded,k,15,14,
e5_strata.csv,exp_id=e1_v2b|prompt_version=v2b|metric=category_match|stratum_kind=category|stratum=account|family=exploratory_bh_strata_degraded,estimate,0.937500,1.000000,
e5_strata.csv,exp_id=e1_v2b|prompt_version=v2b|metric=category_match|stratum_kind=category|stratum=account|family=exploratory_bh_strata_degraded,wilson_lo,0.716713,0.784689,
e5_strata.csv,exp_id=e1_v2b|prompt_version=v2b|metric=category_match|stratum_kind=category|stratum=account|family=exploratory_bh_strata_degraded,wilson_hi,0.988881,1.000000,
e5_strata.csv,exp_id=e1_v2b|prompt_version=v2b|metric=category_match|stratum_kind=category|stratum=account|family=exploratory_bh_strata_degraded,ci_width,0.272168,0.215311,
e5_strata.csv,exp_id=e1_v2b|prompt_version=v2b|metric=category_match|stratum_kind=category|stratum=account|family=exploratory_bh_strata_degraded,n_rest,54,56,
e5_strata.csv,exp_id=e1_v2b|prompt_version=v2b|metric=category_match|stratum_kind=category|stratum=account|family=exploratory_bh_strata_degraded,estimate_rest,0.907407,0.875000,
e5_strata.csv,exp_id=e1_v2b|prompt_version=v2b|metric=category_match|stratum_kind=category|stratum=account|family=exploratory_bh_strata_degraded,difference,0.030093,0.125000,
e5_strata.csv,exp_id=e1_v2b|prompt_version=v2b|metric=category_match|stratum_kind=category|stratum=account|family=exploratory_bh_strata_degraded,fisher_p,1.000000,0.330849,
e5_strata.csv,exp_id=e1_v2b|prompt_version=v2b|metric=category_match|stratum_kind=category|stratum=billing|family=exploratory_bh_strata_degraded,n,19,20,
e5_strata.csv,exp_id=e1_v2b|prompt_version=v2b|metric=category_match|stratum_kind=category|stratum=billing|family=exploratory_bh_strata_degraded,estimate,0.947368,0.900000,
e5_strata.csv,exp_id=e1_v2b|prompt_version=v2b|metric=category_match|stratum_kind=category|stratum=billing|family=exploratory_bh_strata_degraded,wilson_lo,0.753613,0.698966,
e5_strata.csv,exp_id=e1_v2b|prompt_version=v2b|metric=category_match|stratum_kind=category|stratum=billing|family=exploratory_bh_strata_degraded,wilson_hi,0.990648,0.972134,
e5_strata.csv,exp_id=e1_v2b|prompt_version=v2b|metric=category_match|stratum_kind=category|stratum=billing|family=exploratory_bh_strata_degraded,ci_width,0.237035,0.273167,
e5_strata.csv,exp_id=e1_v2b|prompt_version=v2b|metric=category_match|stratum_kind=category|stratum=billing|family=exploratory_bh_strata_degraded,n_rest,51,50,
e5_strata.csv,exp_id=e1_v2b|prompt_version=v2b|metric=category_match|stratum_kind=category|stratum=billing|family=exploratory_bh_strata_degraded,k_rest,46,45,
e5_strata.csv,exp_id=e1_v2b|prompt_version=v2b|metric=category_match|stratum_kind=category|stratum=billing|family=exploratory_bh_strata_degraded,estimate_rest,0.901961,0.900000,
e5_strata.csv,exp_id=e1_v2b|prompt_version=v2b|metric=category_match|stratum_kind=category|stratum=billing|family=exploratory_bh_strata_degraded,difference,0.045408,0.000000,
e5_strata.csv,exp_id=e1_v2b|prompt_version=v2b|metric=category_match|stratum_kind=category|stratum=general|family=exploratory_bh_strata_degraded,n,17,16,
e5_strata.csv,exp_id=e1_v2b|prompt_version=v2b|metric=category_match|stratum_kind=category|stratum=general|family=exploratory_bh_strata_degraded,k,13,12,
e5_strata.csv,exp_id=e1_v2b|prompt_version=v2b|metric=category_match|stratum_kind=category|stratum=general|family=exploratory_bh_strata_degraded,estimate,0.764706,0.750000,
e5_strata.csv,exp_id=e1_v2b|prompt_version=v2b|metric=category_match|stratum_kind=category|stratum=general|family=exploratory_bh_strata_degraded,wilson_lo,0.527382,0.505017,
e5_strata.csv,exp_id=e1_v2b|prompt_version=v2b|metric=category_match|stratum_kind=category|stratum=general|family=exploratory_bh_strata_degraded,wilson_hi,0.904450,0.898179,
e5_strata.csv,exp_id=e1_v2b|prompt_version=v2b|metric=category_match|stratum_kind=category|stratum=general|family=exploratory_bh_strata_degraded,ci_width,0.377068,0.393162,
e5_strata.csv,exp_id=e1_v2b|prompt_version=v2b|metric=category_match|stratum_kind=category|stratum=general|family=exploratory_bh_strata_degraded,n_rest,53,54,
e5_strata.csv,exp_id=e1_v2b|prompt_version=v2b|metric=category_match|stratum_kind=category|stratum=general|family=exploratory_bh_strata_degraded,estimate_rest,0.962264,0.944444,
e5_strata.csv,exp_id=e1_v2b|prompt_version=v2b|metric=category_match|stratum_kind=category|stratum=general|family=exploratory_bh_strata_degraded,difference,-0.197558,-0.194444,
e5_strata.csv,exp_id=e1_v2b|prompt_version=v2b|metric=category_match|stratum_kind=category|stratum=general|family=exploratory_bh_strata_degraded,fisher_p,0.027609,0.043242,
e5_strata.csv,exp_id=e1_v2b|prompt_version=v2b|metric=category_match|stratum_kind=category|stratum=technical|family=exploratory_bh_strata_degraded,n,18,20,
e5_strata.csv,exp_id=e1_v2b|prompt_version=v2b|metric=category_match|stratum_kind=category|stratum=technical|family=exploratory_bh_strata_degraded,k,18,19,
e5_strata.csv,exp_id=e1_v2b|prompt_version=v2b|metric=category_match|stratum_kind=category|stratum=technical|family=exploratory_bh_strata_degraded,estimate,1.000000,0.950000,
e5_strata.csv,exp_id=e1_v2b|prompt_version=v2b|metric=category_match|stratum_kind=category|stratum=technical|family=exploratory_bh_strata_degraded,wilson_lo,0.824121,0.763869,
e5_strata.csv,exp_id=e1_v2b|prompt_version=v2b|metric=category_match|stratum_kind=category|stratum=technical|family=exploratory_bh_strata_degraded,wilson_hi,1.000000,0.991119,
e5_strata.csv,exp_id=e1_v2b|prompt_version=v2b|metric=category_match|stratum_kind=category|stratum=technical|family=exploratory_bh_strata_degraded,ci_width,0.175879,0.227250,
e5_strata.csv,exp_id=e1_v2b|prompt_version=v2b|metric=category_match|stratum_kind=category|stratum=technical|family=exploratory_bh_strata_degraded,n_rest,52,50,
e5_strata.csv,exp_id=e1_v2b|prompt_version=v2b|metric=category_match|stratum_kind=category|stratum=technical|family=exploratory_bh_strata_degraded,k_rest,46,44,
e5_strata.csv,exp_id=e1_v2b|prompt_version=v2b|metric=category_match|stratum_kind=category|stratum=technical|family=exploratory_bh_strata_degraded,estimate_rest,0.884615,0.880000,
e5_strata.csv,exp_id=e1_v2b|prompt_version=v2b|metric=category_match|stratum_kind=category|stratum=technical|family=exploratory_bh_strata_degraded,difference,0.115385,0.070000,
e5_strata.csv,exp_id=e1_v2b|prompt_version=v2b|metric=category_match|stratum_kind=category|stratum=technical|family=exploratory_bh_strata_degraded,fisher_p,0.327296,0.664187,
e5_strata.csv,exp_id=e1_v2b|prompt_version=v2b|metric=category_match|stratum_kind=difficulty|stratum=ambiguous|family=exploratory_bh_strata_degraded,k,16,15,
e5_strata.csv,exp_id=e1_v2b|prompt_version=v2b|metric=category_match|stratum_kind=difficulty|stratum=ambiguous|family=exploratory_bh_strata_degraded,estimate,0.941176,0.882353,
e5_strata.csv,exp_id=e1_v2b|prompt_version=v2b|metric=category_match|stratum_kind=difficulty|stratum=ambiguous|family=exploratory_bh_strata_degraded,wilson_lo,0.730180,0.656636,
e5_strata.csv,exp_id=e1_v2b|prompt_version=v2b|metric=category_match|stratum_kind=difficulty|stratum=ambiguous|family=exploratory_bh_strata_degraded,wilson_hi,0.989540,0.967120,
e5_strata.csv,exp_id=e1_v2b|prompt_version=v2b|metric=category_match|stratum_kind=difficulty|stratum=ambiguous|family=exploratory_bh_strata_degraded,ci_width,0.259360,0.310484,
e5_strata.csv,exp_id=e1_v2b|prompt_version=v2b|metric=category_match|stratum_kind=difficulty|stratum=ambiguous|family=exploratory_bh_strata_degraded,difference,0.035516,-0.023307,
e5_strata.csv,exp_id=e1_v2b|prompt_version=v2b|metric=category_match|stratum_kind=difficulty|stratum=easy|family=exploratory_bh_strata_degraded,k_rest,20,19,
e5_strata.csv,exp_id=e1_v2b|prompt_version=v2b|metric=category_match|stratum_kind=difficulty|stratum=easy|family=exploratory_bh_strata_degraded,estimate_rest,0.800000,0.760000,
e5_strata.csv,exp_id=e1_v2b|prompt_version=v2b|metric=category_match|stratum_kind=difficulty|stratum=easy|family=exploratory_bh_strata_degraded,difference,0.177778,0.217778,
e5_strata.csv,exp_id=e1_v2b|prompt_version=v2b|metric=category_match|stratum_kind=difficulty|stratum=easy|family=exploratory_bh_strata_degraded,fisher_p,0.019585,0.007049,
e5_strata.csv,exp_id=e1_v2b|prompt_version=v2b|metric=category_match|stratum_kind=difficulty|stratum=edge|family=exploratory_bh_strata_degraded,k_rest,60,59,
e5_strata.csv,exp_id=e1_v2b|prompt_version=v2b|metric=category_match|stratum_kind=difficulty|stratum=edge|family=exploratory_bh_strata_degraded,estimate_rest,0.967742,0.951613,
e5_strata.csv,exp_id=e1_v2b|prompt_version=v2b|metric=category_match|stratum_kind=difficulty|stratum=edge|family=exploratory_bh_strata_degraded,difference,-0.467742,-0.451613,
e5_strata.csv,exp_id=e1_v2b|prompt_version=v2b|metric=category_match|stratum_kind=difficulty|stratum=edge|family=exploratory_bh_strata_degraded,fisher_p,0.001036,0.002298,
e5_strata.csv,exp_id=e1_v2b|prompt_version=v2b|metric=category_match|stratum_kind=language|stratum=en|family=exploratory_bh_strata_degraded,k_rest,39,38,
e5_strata.csv,exp_id=e1_v2b|prompt_version=v2b|metric=category_match|stratum_kind=language|stratum=en|family=exploratory_bh_strata_degraded,estimate_rest,0.928571,0.904762,
e5_strata.csv,exp_id=e1_v2b|prompt_version=v2b|metric=category_match|stratum_kind=language|stratum=en|family=exploratory_bh_strata_degraded,difference,-0.035714,-0.011905,
e5_strata.csv,exp_id=e1_v2b|prompt_version=v2b|metric=category_match|stratum_kind=language|stratum=en|family=exploratory_bh_strata_degraded,fisher_p,0.677312,1.000000,
e5_strata.csv,exp_id=e1_v2b|prompt_version=v2b|metric=category_match|stratum_kind=language|stratum=mixed|family=exploratory_bh_strata_degraded,k_rest,57,56,
e5_strata.csv,exp_id=e1_v2b|prompt_version=v2b|metric=category_match|stratum_kind=language|stratum=mixed|family=exploratory_bh_strata_degraded,estimate_rest,0.904762,0.888889,
e5_strata.csv,exp_id=e1_v2b|prompt_version=v2b|metric=category_match|stratum_kind=language|stratum=mixed|family=exploratory_bh_strata_degraded,difference,0.095238,0.111111,
e5_strata.csv,exp_id=e1_v2b|prompt_version=v2b|metric=category_match|stratum_kind=language|stratum=zh-tw|family=exploratory_bh_strata_degraded,k,32,31,
e5_strata.csv,exp_id=e1_v2b|prompt_version=v2b|metric=category_match|stratum_kind=language|stratum=zh-tw|family=exploratory_bh_strata_degraded,estimate,0.914286,0.885714,
e5_strata.csv,exp_id=e1_v2b|prompt_version=v2b|metric=category_match|stratum_kind=language|stratum=zh-tw|family=exploratory_bh_strata_degraded,wilson_lo,0.776207,0.740485,
e5_strata.csv,exp_id=e1_v2b|prompt_version=v2b|metric=category_match|stratum_kind=language|stratum=zh-tw|family=exploratory_bh_strata_degraded,wilson_hi,0.970418,0.954648,
e5_strata.csv,exp_id=e1_v2b|prompt_version=v2b|metric=category_match|stratum_kind=language|stratum=zh-tw|family=exploratory_bh_strata_degraded,ci_width,0.194210,0.214163,
e5_strata.csv,exp_id=e1_v2b|prompt_version=v2b|metric=category_match|stratum_kind=language|stratum=zh-tw|family=exploratory_bh_strata_degraded,difference,0.000000,-0.028571,
e5_strata.csv,exp_id=e1_v2b|prompt_version=v2b|metric=category_match|stratum_kind=overall|stratum=all|family=descriptive,k,64,63,
e5_strata.csv,exp_id=e1_v2b|prompt_version=v2b|metric=category_match|stratum_kind=overall|stratum=all|family=descriptive,estimate,0.914286,0.900000,
e5_strata.csv,exp_id=e1_v2b|prompt_version=v2b|metric=category_match|stratum_kind=overall|stratum=all|family=descriptive,wilson_lo,0.825343,0.807671,
e5_strata.csv,exp_id=e1_v2b|prompt_version=v2b|metric=category_match|stratum_kind=overall|stratum=all|family=descriptive,wilson_hi,0.960123,0.950711,
e5_strata.csv,exp_id=e1_v2b|prompt_version=v2b|metric=category_match|stratum_kind=overall|stratum=all|family=descriptive,ci_width,0.134780,0.143040,
e5_strata.csv,exp_id=e1_v2c|prompt_version=v2c|metric=category_match|stratum_kind=category|stratum=account|family=exploratory_bh_strata_degraded,n,16,14,
e5_strata.csv,exp_id=e1_v2c|prompt_version=v2c|metric=category_match|stratum_kind=category|stratum=account|family=exploratory_bh_strata_degraded,k,10,9,
e5_strata.csv,exp_id=e1_v2c|prompt_version=v2c|metric=category_match|stratum_kind=category|stratum=account|family=exploratory_bh_strata_degraded,estimate,0.625000,0.642857,
e5_strata.csv,exp_id=e1_v2c|prompt_version=v2c|metric=category_match|stratum_kind=category|stratum=account|family=exploratory_bh_strata_degraded,wilson_lo,0.386410,0.387644,
e5_strata.csv,exp_id=e1_v2c|prompt_version=v2c|metric=category_match|stratum_kind=category|stratum=account|family=exploratory_bh_strata_degraded,wilson_hi,0.815188,0.836553,
e5_strata.csv,exp_id=e1_v2c|prompt_version=v2c|metric=category_match|stratum_kind=category|stratum=account|family=exploratory_bh_strata_degraded,ci_width,0.428777,0.448908,
e5_strata.csv,exp_id=e1_v2c|prompt_version=v2c|metric=category_match|stratum_kind=category|stratum=account|family=exploratory_bh_strata_degraded,n_rest,54,56,
e5_strata.csv,exp_id=e1_v2c|prompt_version=v2c|metric=category_match|stratum_kind=category|stratum=account|family=exploratory_bh_strata_degraded,estimate_rest,0.851852,0.821429,
e5_strata.csv,exp_id=e1_v2c|prompt_version=v2c|metric=category_match|stratum_kind=category|stratum=account|family=exploratory_bh_strata_degraded,difference,-0.226852,-0.178571,
e5_strata.csv,exp_id=e1_v2c|prompt_version=v2c|metric=category_match|stratum_kind=category|stratum=account|family=exploratory_bh_strata_degraded,fisher_p,0.072313,0.160683,
e5_strata.csv,exp_id=e1_v2c|prompt_version=v2c|metric=category_match|stratum_kind=category|stratum=billing|family=exploratory_bh_strata_degraded,n,19,20,
e5_strata.csv,exp_id=e1_v2c|prompt_version=v2c|metric=category_match|stratum_kind=category|stratum=billing|family=exploratory_bh_strata_degraded,estimate,1.000000,0.950000,
e5_strata.csv,exp_id=e1_v2c|prompt_version=v2c|metric=category_match|stratum_kind=category|stratum=billing|family=exploratory_bh_strata_degraded,wilson_lo,0.831821,0.763869,
e5_strata.csv,exp_id=e1_v2c|prompt_version=v2c|metric=category_match|stratum_kind=category|stratum=billing|family=exploratory_bh_strata_degraded,wilson_hi,1.000000,0.991119,
e5_strata.csv,exp_id=e1_v2c|prompt_version=v2c|metric=category_match|stratum_kind=category|stratum=billing|family=exploratory_bh_strata_degraded,ci_width,0.168179,0.227250,
e5_strata.csv,exp_id=e1_v2c|prompt_version=v2c|metric=category_match|stratum_kind=category|stratum=billing|family=exploratory_bh_strata_degraded,n_rest,51,50,
e5_strata.csv,exp_id=e1_v2c|prompt_version=v2c|metric=category_match|stratum_kind=category|stratum=billing|family=exploratory_bh_strata_degraded,k_rest,37,36,
e5_strata.csv,exp_id=e1_v2c|prompt_version=v2c|metric=category_match|stratum_kind=category|stratum=billing|family=exploratory_bh_strata_degraded,estimate_rest,0.725490,0.720000,
e5_strata.csv,exp_id=e1_v2c|prompt_version=v2c|metric=category_match|stratum_kind=category|stratum=billing|family=exploratory_bh_strata_degraded,difference,0.274510,0.230000,
e5_strata.csv,exp_id=e1_v2c|prompt_version=v2c|metric=category_match|stratum_kind=category|stratum=billing|family=exploratory_bh_strata_degraded,fisher_p,0.007940,0.050856,
e5_strata.csv,exp_id=e1_v2c|prompt_version=v2c|metric=category_match|stratum_kind=category|stratum=general|family=exploratory_bh_strata_degraded,n,17,16,
e5_strata.csv,exp_id=e1_v2c|prompt_version=v2c|metric=category_match|stratum_kind=category|stratum=general|family=exploratory_bh_strata_degraded,k,9,8,
e5_strata.csv,exp_id=e1_v2c|prompt_version=v2c|metric=category_match|stratum_kind=category|stratum=general|family=exploratory_bh_strata_degraded,estimate,0.529412,0.500000,
e5_strata.csv,exp_id=e1_v2c|prompt_version=v2c|metric=category_match|stratum_kind=category|stratum=general|family=exploratory_bh_strata_degraded,wilson_lo,0.309632,0.279996,
e5_strata.csv,exp_id=e1_v2c|prompt_version=v2c|metric=category_match|stratum_kind=category|stratum=general|family=exploratory_bh_strata_degraded,wilson_hi,0.738349,0.720004,
e5_strata.csv,exp_id=e1_v2c|prompt_version=v2c|metric=category_match|stratum_kind=category|stratum=general|family=exploratory_bh_strata_degraded,ci_width,0.428717,0.440009,
e5_strata.csv,exp_id=e1_v2c|prompt_version=v2c|metric=category_match|stratum_kind=category|stratum=general|family=exploratory_bh_strata_degraded,n_rest,53,54,
e5_strata.csv,exp_id=e1_v2c|prompt_version=v2c|metric=category_match|stratum_kind=category|stratum=general|family=exploratory_bh_strata_degraded,estimate_rest,0.886792,0.870370,
e5_strata.csv,exp_id=e1_v2c|prompt_version=v2c|metric=category_match|stratum_kind=category|stratum=general|family=exploratory_bh_strata_degraded,difference,-0.357381,-0.370370,
e5_strata.csv,exp_id=e1_v2c|prompt_version=v2c|metric=category_match|stratum_kind=category|stratum=general|family=exploratory_bh_strata_degraded,fisher_p,0.003280,0.003606,
e5_strata.csv,exp_id=e1_v2c|prompt_version=v2c|metric=category_match|stratum_kind=category|stratum=technical|family=exploratory_bh_strata_degraded,n,18,20,
e5_strata.csv,exp_id=e1_v2c|prompt_version=v2c|metric=category_match|stratum_kind=category|stratum=technical|family=exploratory_bh_strata_degraded,k,18,19,
e5_strata.csv,exp_id=e1_v2c|prompt_version=v2c|metric=category_match|stratum_kind=category|stratum=technical|family=exploratory_bh_strata_degraded,estimate,1.000000,0.950000,
e5_strata.csv,exp_id=e1_v2c|prompt_version=v2c|metric=category_match|stratum_kind=category|stratum=technical|family=exploratory_bh_strata_degraded,wilson_lo,0.824121,0.763869,
e5_strata.csv,exp_id=e1_v2c|prompt_version=v2c|metric=category_match|stratum_kind=category|stratum=technical|family=exploratory_bh_strata_degraded,wilson_hi,1.000000,0.991119,
e5_strata.csv,exp_id=e1_v2c|prompt_version=v2c|metric=category_match|stratum_kind=category|stratum=technical|family=exploratory_bh_strata_degraded,ci_width,0.175879,0.227250,
e5_strata.csv,exp_id=e1_v2c|prompt_version=v2c|metric=category_match|stratum_kind=category|stratum=technical|family=exploratory_bh_strata_degraded,n_rest,52,50,
e5_strata.csv,exp_id=e1_v2c|prompt_version=v2c|metric=category_match|stratum_kind=category|stratum=technical|family=exploratory_bh_strata_degraded,k_rest,38,36,
e5_strata.csv,exp_id=e1_v2c|prompt_version=v2c|metric=category_match|stratum_kind=category|stratum=technical|family=exploratory_bh_strata_degraded,estimate_rest,0.730769,0.720000,
e5_strata.csv,exp_id=e1_v2c|prompt_version=v2c|metric=category_match|stratum_kind=category|stratum=technical|family=exploratory_bh_strata_degraded,difference,0.269231,0.230000,
e5_strata.csv,exp_id=e1_v2c|prompt_version=v2c|metric=category_match|stratum_kind=category|stratum=technical|family=exploratory_bh_strata_degraded,fisher_p,0.014482,0.050856,
e5_strata.csv,exp_id=e1_v2c|prompt_version=v2c|metric=category_match|stratum_kind=difficulty|stratum=ambiguous|family=exploratory_bh_strata_degraded,k,15,14,
e5_strata.csv,exp_id=e1_v2c|prompt_version=v2c|metric=category_match|stratum_kind=difficulty|stratum=ambiguous|family=exploratory_bh_strata_degraded,estimate,0.882353,0.823529,
e5_strata.csv,exp_id=e1_v2c|prompt_version=v2c|metric=category_match|stratum_kind=difficulty|stratum=ambiguous|family=exploratory_bh_strata_degraded,wilson_lo,0.656636,0.589705,
e5_strata.csv,exp_id=e1_v2c|prompt_version=v2c|metric=category_match|stratum_kind=difficulty|stratum=ambiguous|family=exploratory_bh_strata_degraded,wilson_hi,0.967120,0.938089,
e5_strata.csv,exp_id=e1_v2c|prompt_version=v2c|metric=category_match|stratum_kind=difficulty|stratum=ambiguous|family=exploratory_bh_strata_degraded,ci_width,0.310484,0.348383,
e5_strata.csv,exp_id=e1_v2c|prompt_version=v2c|metric=category_match|stratum_kind=difficulty|stratum=ambiguous|family=exploratory_bh_strata_degraded,difference,0.108768,0.049945,
e5_strata.csv,exp_id=e1_v2c|prompt_version=v2c|metric=category_match|stratum_kind=difficulty|stratum=ambiguous|family=exploratory_bh_strata_degraded,fisher_p,0.491653,1.000000,
e5_strata.csv,exp_id=e1_v2c|prompt_version=v2c|metric=category_match|stratum_kind=difficulty|stratum=easy|family=exploratory_bh_strata_degraded,k_rest,19,18,
e5_strata.csv,exp_id=e1_v2c|prompt_version=v2c|metric=category_match|stratum_kind=difficulty|stratum=easy|family=exploratory_bh_strata_degraded,estimate_rest,0.760000,0.720000,
e5_strata.csv,exp_id=e1_v2c|prompt_version=v2c|metric=category_match|stratum_kind=difficulty|stratum=easy|family=exploratory_bh_strata_degraded,difference,0.062222,0.102222,
e5_strata.csv,exp_id=e1_v2c|prompt_version=v2c|metric=category_match|stratum_kind=difficulty|stratum=easy|family=exploratory_bh_strata_degraded,fisher_p,0.547550,0.369575,
e5_strata.csv,exp_id=e1_v2c|prompt_version=v2c|metric=category_match|stratum_kind=difficulty|stratum=edge|family=exploratory_bh_strata_degraded,k_rest,52,51,
e5_strata.csv,exp_id=e1_v2c|prompt_version=v2c|metric=category_match|stratum_kind=difficulty|stratum=edge|family=exploratory_bh_strata_degraded,estimate_rest,0.838710,0.822581,
e5_strata.csv,exp_id=e1_v2c|prompt_version=v2c|metric=category_match|stratum_kind=difficulty|stratum=edge|family=exploratory_bh_strata_degraded,difference,-0.338710,-0.322581,
e5_strata.csv,exp_id=e1_v2c|prompt_version=v2c|metric=category_match|stratum_kind=difficulty|stratum=edge|family=exploratory_bh_strata_degraded,fisher_p,0.045334,0.058485,
e5_strata.csv,exp_id=e1_v2c|prompt_version=v2c|metric=category_match|stratum_kind=language|stratum=en|family=exploratory_bh_strata_degraded,k_rest,35,34,
e5_strata.csv,exp_id=e1_v2c|prompt_version=v2c|metric=category_match|stratum_kind=language|stratum=en|family=exploratory_bh_strata_degraded,estimate_rest,0.833333,0.809524,
e5_strata.csv,exp_id=e1_v2c|prompt_version=v2c|metric=category_match|stratum_kind=language|stratum=en|family=exploratory_bh_strata_degraded,difference,-0.083333,-0.059524,
e5_strata.csv,exp_id=e1_v2c|prompt_version=v2c|metric=category_match|stratum_kind=language|stratum=en|family=exploratory_bh_strata_degraded,fisher_p,0.543145,0.566726,
e5_strata.csv,exp_id=e1_v2c|prompt_version=v2c|metric=category_match|stratum_kind=language|stratum=mixed|family=exploratory_bh_strata_degraded,k_rest,50,49,
e5_strata.csv,exp_id=e1_v2c|prompt_version=v2c|metric=category_match|stratum_kind=language|stratum=mixed|family=exploratory_bh_strata_degraded,estimate_rest,0.793651,0.777778,
e5_strata.csv,exp_id=e1_v2c|prompt_version=v2c|metric=category_match|stratum_kind=language|stratum=mixed|family=exploratory_bh_strata_degraded,difference,0.063492,0.079365,
e5_strata.csv,exp_id=e1_v2c|prompt_version=v2c|metric=category_match|stratum_kind=language|stratum=zh-tw|family=exploratory_bh_strata_degraded,k,29,28,
e5_strata.csv,exp_id=e1_v2c|prompt_version=v2c|metric=category_match|stratum_kind=language|stratum=zh-tw|family=exploratory_bh_strata_degraded,estimate,0.828571,0.800000,
e5_strata.csv,exp_id=e1_v2c|prompt_version=v2c|metric=category_match|stratum_kind=language|stratum=zh-tw|family=exploratory_bh_strata_degraded,wilson_lo,0.673177,0.641084,
e5_strata.csv,exp_id=e1_v2c|prompt_version=v2c|metric=category_match|stratum_kind=language|stratum=zh-tw|family=exploratory_bh_strata_degraded,wilson_hi,0.918974,0.899576,
e5_strata.csv,exp_id=e1_v2c|prompt_version=v2c|metric=category_match|stratum_kind=language|stratum=zh-tw|family=exploratory_bh_strata_degraded,ci_width,0.245796,0.258492,
e5_strata.csv,exp_id=e1_v2c|prompt_version=v2c|metric=category_match|stratum_kind=language|stratum=zh-tw|family=exploratory_bh_strata_degraded,difference,0.057143,0.028571,
e5_strata.csv,exp_id=e1_v2c|prompt_version=v2c|metric=category_match|stratum_kind=language|stratum=zh-tw|family=exploratory_bh_strata_degraded,fisher_p,0.766011,1.000000,
e5_strata.csv,exp_id=e1_v2c|prompt_version=v2c|metric=category_match|stratum_kind=overall|stratum=all|family=descriptive,k,56,55,
e5_strata.csv,exp_id=e1_v2c|prompt_version=v2c|metric=category_match|stratum_kind=overall|stratum=all|family=descriptive,estimate,0.800000,0.785714,
e5_strata.csv,exp_id=e1_v2c|prompt_version=v2c|metric=category_match|stratum_kind=overall|stratum=all|family=descriptive,wilson_lo,0.691834,0.676088,
e5_strata.csv,exp_id=e1_v2c|prompt_version=v2c|metric=category_match|stratum_kind=overall|stratum=all|family=descriptive,wilson_hi,0.876953,0.865613,
e5_strata.csv,exp_id=e1_v2c|prompt_version=v2c|metric=category_match|stratum_kind=overall|stratum=all|family=descriptive,ci_width,0.185119,0.189525,
e5_strata.csv,exp_id=e1_v2d|prompt_version=v2d|metric=category_match|stratum_kind=category|stratum=account|family=exploratory_bh_strata_degraded,n,16,14,
e5_strata.csv,exp_id=e1_v2d|prompt_version=v2d|metric=category_match|stratum_kind=category|stratum=account|family=exploratory_bh_strata_degraded,k,16,14,
e5_strata.csv,exp_id=e1_v2d|prompt_version=v2d|metric=category_match|stratum_kind=category|stratum=account|family=exploratory_bh_strata_degraded,wilson_lo,0.806392,0.784689,
e5_strata.csv,exp_id=e1_v2d|prompt_version=v2d|metric=category_match|stratum_kind=category|stratum=account|family=exploratory_bh_strata_degraded,ci_width,0.193608,0.215311,
e5_strata.csv,exp_id=e1_v2d|prompt_version=v2d|metric=category_match|stratum_kind=category|stratum=account|family=exploratory_bh_strata_degraded,n_rest,54,56,
e5_strata.csv,exp_id=e1_v2d|prompt_version=v2d|metric=category_match|stratum_kind=category|stratum=account|family=exploratory_bh_strata_degraded,k_rest,49,48,
e5_strata.csv,exp_id=e1_v2d|prompt_version=v2d|metric=category_match|stratum_kind=category|stratum=account|family=exploratory_bh_strata_degraded,estimate_rest,0.907407,0.857143,
e5_strata.csv,exp_id=e1_v2d|prompt_version=v2d|metric=category_match|stratum_kind=category|stratum=account|family=exploratory_bh_strata_degraded,difference,0.092593,0.142857,
e5_strata.csv,exp_id=e1_v2d|prompt_version=v2d|metric=category_match|stratum_kind=category|stratum=account|family=exploratory_bh_strata_degraded,fisher_p,0.581921,0.343089,
e5_strata.csv,exp_id=e1_v2d|prompt_version=v2d|metric=category_match|stratum_kind=category|stratum=billing|family=exploratory_bh_strata_degraded,n,19,20,
e5_strata.csv,exp_id=e1_v2d|prompt_version=v2d|metric=category_match|stratum_kind=category|stratum=billing|family=exploratory_bh_strata_degraded,estimate,0.947368,0.900000,
e5_strata.csv,exp_id=e1_v2d|prompt_version=v2d|metric=category_match|stratum_kind=category|stratum=billing|family=exploratory_bh_strata_degraded,wilson_lo,0.753613,0.698966,
e5_strata.csv,exp_id=e1_v2d|prompt_version=v2d|metric=category_match|stratum_kind=category|stratum=billing|family=exploratory_bh_strata_degraded,wilson_hi,0.990648,0.972134,
e5_strata.csv,exp_id=e1_v2d|prompt_version=v2d|metric=category_match|stratum_kind=category|stratum=billing|family=exploratory_bh_strata_degraded,ci_width,0.237035,0.273167,
e5_strata.csv,exp_id=e1_v2d|prompt_version=v2d|metric=category_match|stratum_kind=category|stratum=billing|family=exploratory_bh_strata_degraded,n_rest,51,50,
e5_strata.csv,exp_id=e1_v2d|prompt_version=v2d|metric=category_match|stratum_kind=category|stratum=billing|family=exploratory_bh_strata_degraded,k_rest,47,44,
e5_strata.csv,exp_id=e1_v2d|prompt_version=v2d|metric=category_match|stratum_kind=category|stratum=billing|family=exploratory_bh_strata_degraded,estimate_rest,0.921569,0.880000,
e5_strata.csv,exp_id=e1_v2d|prompt_version=v2d|metric=category_match|stratum_kind=category|stratum=billing|family=exploratory_bh_strata_degraded,difference,0.025800,0.020000,
e5_strata.csv,exp_id=e1_v2d|prompt_version=v2d|metric=category_match|stratum_kind=category|stratum=general|family=exploratory_bh_strata_degraded,n,17,16,
e5_strata.csv,exp_id=e1_v2d|prompt_version=v2d|metric=category_match|stratum_kind=category|stratum=general|family=exploratory_bh_strata_degraded,k,14,13,
e5_strata.csv,exp_id=e1_v2d|prompt_version=v2d|metric=category_match|stratum_kind=category|stratum=general|family=exploratory_bh_strata_degraded,estimate,0.823529,0.812500,
e5_strata.csv,exp_id=e1_v2d|prompt_version=v2d|metric=category_match|stratum_kind=category|stratum=general|family=exploratory_bh_strata_degraded,wilson_lo,0.589705,0.569911,
e5_strata.csv,exp_id=e1_v2d|prompt_version=v2d|metric=category_match|stratum_kind=category|stratum=general|family=exploratory_bh_strata_degraded,wilson_hi,0.938089,0.934084,
e5_strata.csv,exp_id=e1_v2d|prompt_version=v2d|metric=category_match|stratum_kind=category|stratum=general|family=exploratory_bh_strata_degraded,ci_width,0.348383,0.364173,
e5_strata.csv,exp_id=e1_v2d|prompt_version=v2d|metric=category_match|stratum_kind=category|stratum=general|family=exploratory_bh_strata_degraded,n_rest,53,54,
e5_strata.csv,exp_id=e1_v2d|prompt_version=v2d|metric=category_match|stratum_kind=category|stratum=general|family=exploratory_bh_strata_degraded,k_rest,51,49,
e5_strata.csv,exp_id=e1_v2d|prompt_version=v2d|metric=category_match|stratum_kind=category|stratum=general|family=exploratory_bh_strata_degraded,estimate_rest,0.962264,0.907407,
e5_strata.csv,exp_id=e1_v2d|prompt_version=v2d|metric=category_match|stratum_kind=category|stratum=general|family=exploratory_bh_strata_degraded,difference,-0.138735,-0.094907,
e5_strata.csv,exp_id=e1_v2d|prompt_version=v2d|metric=category_match|stratum_kind=category|stratum=general|family=exploratory_bh_strata_degraded,fisher_p,0.088356,0.371542,
e5_strata.csv,exp_id=e1_v2d|prompt_version=v2d|metric=category_match|stratum_kind=category|stratum=technical|family=exploratory_bh_strata_degraded,n,18,20,
e5_strata.csv,exp_id=e1_v2d|prompt_version=v2d|metric=category_match|stratum_kind=category|stratum=technical|family=exploratory_bh_strata_degraded,estimate,0.944444,0.850000,
e5_strata.csv,exp_id=e1_v2d|prompt_version=v2d|metric=category_match|stratum_kind=category|stratum=technical|family=exploratory_bh_strata_degraded,wilson_lo,0.742427,0.639581,
e5_strata.csv,exp_id=e1_v2d|prompt_version=v2d|metric=category_match|stratum_kind=category|stratum=technical|family=exploratory_bh_strata_degraded,wilson_hi,0.990125,0.947631,
e5_strata.csv,exp_id=e1_v2d|prompt_version=v2d|metric=category_match|stratum_kind=category|stratum=technical|family=exploratory_bh_strata_degraded,ci_width,0.247698,0.308050,
e5_strata.csv,exp_id=e1_v2d|prompt_version=v2d|metric=category_match|stratum_kind=category|stratum=technical|family=exploratory_bh_strata_degraded,n_rest,52,50,
e5_strata.csv,exp_id=e1_v2d|prompt_version=v2d|metric=category_match|stratum_kind=category|stratum=technical|family=exploratory_bh_strata_degraded,k_rest,48,45,
e5_strata.csv,exp_id=e1_v2d|prompt_version=v2d|metric=category_match|stratum_kind=category|stratum=technical|family=exploratory_bh_strata_degraded,estimate_rest,0.923077,0.900000,
e5_strata.csv,exp_id=e1_v2d|prompt_version=v2d|metric=category_match|stratum_kind=category|stratum=technical|family=exploratory_bh_strata_degraded,difference,0.021368,-0.050000,
e5_strata.csv,exp_id=e1_v2d|prompt_version=v2d|metric=category_match|stratum_kind=category|stratum=technical|family=exploratory_bh_strata_degraded,fisher_p,1.000000,0.680178,
e5_strata.csv,exp_id=e1_v2d|prompt_version=v2d|metric=category_match|stratum_kind=difficulty|stratum=ambiguous|family=exploratory_bh_strata_degraded,k,16,15,
e5_strata.csv,exp_id=e1_v2d|prompt_version=v2d|metric=category_match|stratum_kind=difficulty|stratum=ambiguous|family=exploratory_bh_strata_degraded,estimate,0.941176,0.882353,
e5_strata.csv,exp_id=e1_v2d|prompt_version=v2d|metric=category_match|stratum_kind=difficulty|stratum=ambiguous|family=exploratory_bh_strata_degraded,wilson_lo,0.730180,0.656636,
e5_strata.csv,exp_id=e1_v2d|prompt_version=v2d|metric=category_match|stratum_kind=difficulty|stratum=ambiguous|family=exploratory_bh_strata_degraded,wilson_hi,0.989540,0.967120,
e5_strata.csv,exp_id=e1_v2d|prompt_version=v2d|metric=category_match|stratum_kind=difficulty|stratum=ambiguous|family=exploratory_bh_strata_degraded,ci_width,0.259360,0.310484,
e5_strata.csv,exp_id=e1_v2d|prompt_version=v2d|metric=category_match|stratum_kind=difficulty|stratum=ambiguous|family=exploratory_bh_strata_degraded,k_rest,49,47,
e5_strata.csv,exp_id=e1_v2d|prompt_version=v2d|metric=category_match|stratum_kind=difficulty|stratum=ambiguous|family=exploratory_bh_strata_degraded,estimate_rest,0.924528,0.886792,
e5_strata.csv,exp_id=e1_v2d|prompt_version=v2d|metric=category_match|stratum_kind=difficulty|stratum=ambiguous|family=exploratory_bh_strata_degraded,difference,0.016648,-0.004440,
e5_strata.csv,exp_id=e1_v2d|prompt_version=v2d|metric=category_match|stratum_kind=difficulty|stratum=easy|family=exploratory_bh_strata_degraded,k,44,42,
e5_strata.csv,exp_id=e1_v2d|prompt_version=v2d|metric=category_match|stratum_kind=difficulty|stratum=easy|family=exploratory_bh_strata_degraded,estimate,0.977778,0.933333,
e5_strata.csv,exp_id=e1_v2d|prompt_version=v2d|metric=category_match|stratum_kind=difficulty|stratum=easy|family=exploratory_bh_strata_degraded,wilson_lo,0.884333,0.821434,
e5_strata.csv,exp_id=e1_v2d|prompt_version=v2d|metric=category_match|stratum_kind=difficulty|stratum=easy|family=exploratory_bh_strata_degraded,wilson_hi,0.996066,0.977068,
e5_strata.csv,exp_id=e1_v2d|prompt_version=v2d|metric=category_match|stratum_kind=difficulty|stratum=easy|family=exploratory_bh_strata_degraded,ci_width,0.111733,0.155634,
e5_strata.csv,exp_id=e1_v2d|prompt_version=v2d|metric=category_match|stratum_kind=difficulty|stratum=easy|family=exploratory_bh_strata_degraded,k_rest,21,20,
e5_strata.csv,exp_id=e1_v2d|prompt_version=v2d|metric=category_match|stratum_kind=difficulty|stratum=easy|family=exploratory_bh_strata_degraded,estimate_rest,0.840000,0.800000,
e5_strata.csv,exp_id=e1_v2d|prompt_version=v2d|metric=category_match|stratum_kind=difficulty|stratum=easy|family=exploratory_bh_strata_degraded,difference,0.137778,0.133333,
e5_strata.csv,exp_id=e1_v2d|prompt_version=v2d|metric=category_match|stratum_kind=difficulty|stratum=easy|family=exploratory_bh_strata_degraded,fisher_p,0.051424,0.123672,
e5_strata.csv,exp_id=e1_v2d|prompt_version=v2d|metric=category_match|stratum_kind=difficulty|stratum=edge|family=exploratory_bh_strata_degraded,k_rest,60,57,
e5_strata.csv,exp_id=e1_v2d|prompt_version=v2d|metric=category_match|stratum_kind=difficulty|stratum=edge|family=exploratory_bh_strata_degraded,estimate_rest,0.967742,0.919355,
e5_strata.csv,exp_id=e1_v2d|prompt_version=v2d|metric=category_match|stratum_kind=difficulty|stratum=edge|family=exploratory_bh_strata_degraded,difference,-0.342742,-0.294355,
e5_strata.csv,exp_id=e1_v2d|prompt_version=v2d|metric=category_match|stratum_kind=difficulty|stratum=edge|family=exploratory_bh_strata_degraded,fisher_p,0.009113,0.042752,
e5_strata.csv,exp_id=e1_v2d|prompt_version=v2d|metric=category_match|stratum_kind=language|stratum=en|family=exploratory_bh_strata_degraded,k,27,25,
e5_strata.csv,exp_id=e1_v2d|prompt_version=v2d|metric=category_match|stratum_kind=language|stratum=en|family=exploratory_bh_strata_degraded,estimate,0.964286,0.892857,
e5_strata.csv,exp_id=e1_v2d|prompt_version=v2d|metric=category_match|stratum_kind=language|stratum=en|family=exploratory_bh_strata_degraded,wilson_lo,0.822878,0.728041,
e5_strata.csv,exp_id=e1_v2d|prompt_version=v2d|metric=category_match|stratum_kind=language|stratum=en|family=exploratory_bh_strata_degraded,wilson_hi,0.993667,0.962882,
e5_strata.csv,exp_id=e1_v2d|prompt_version=v2d|metric=category_match|stratum_kind=language|stratum=en|family=exploratory_bh_strata_degraded,ci_width,0.170789,0.234840,
e5_strata.csv,exp_id=e1_v2d|prompt_version=v2d|metric=category_match|stratum_kind=language|stratum=en|family=exploratory_bh_strata_degraded,k_rest,38,37,
e5_strata.csv,exp_id=e1_v2d|prompt_version=v2d|metric=category_match|stratum_kind=language|stratum=en|family=exploratory_bh_strata_degraded,estimate_rest,0.904762,0.880952,
e5_strata.csv,exp_id=e1_v2d|prompt_version=v2d|metric=category_match|stratum_kind=language|stratum=en|family=exploratory_bh_strata_degraded,difference,0.059524,0.011905,
e5_strata.csv,exp_id=e1_v2d|prompt_version=v2d|metric=category_match|stratum_kind=language|stratum=en|family=exploratory_bh_strata_degraded,fisher_p,0.641458,1.000000,
e5_strata.csv,exp_id=e1_v2d|prompt_version=v2d|metric=category_match|stratum_kind=language|stratum=mixed|family=exploratory_bh_strata_degraded,k_rest,58,55,
e5_strata.csv,exp_id=e1_v2d|prompt_version=v2d|metric=category_match|stratum_kind=language|stratum=mixed|family=exploratory_bh_strata_degraded,estimate_rest,0.920635,0.873016,
e5_strata.csv,exp_id=e1_v2d|prompt_version=v2d|metric=category_match|stratum_kind=language|stratum=mixed|family=exploratory_bh_strata_degraded,difference,0.079365,0.126984,
e5_strata.csv,exp_id=e1_v2d|prompt_version=v2d|metric=category_match|stratum_kind=language|stratum=zh-tw|family=exploratory_bh_strata_degraded,k,31,30,
e5_strata.csv,exp_id=e1_v2d|prompt_version=v2d|metric=category_match|stratum_kind=language|stratum=zh-tw|family=exploratory_bh_strata_degraded,estimate,0.885714,0.857143,
e5_strata.csv,exp_id=e1_v2d|prompt_version=v2d|metric=category_match|stratum_kind=language|stratum=zh-tw|family=exploratory_bh_strata_degraded,wilson_lo,0.740485,0.706244,
e5_strata.csv,exp_id=e1_v2d|prompt_version=v2d|metric=category_match|stratum_kind=language|stratum=zh-tw|family=exploratory_bh_strata_degraded,wilson_hi,0.954648,0.937398,
e5_strata.csv,exp_id=e1_v2d|prompt_version=v2d|metric=category_match|stratum_kind=language|stratum=zh-tw|family=exploratory_bh_strata_degraded,ci_width,0.214163,0.231153,
e5_strata.csv,exp_id=e1_v2d|prompt_version=v2d|metric=category_match|stratum_kind=language|stratum=zh-tw|family=exploratory_bh_strata_degraded,k_rest,34,32,
e5_strata.csv,exp_id=e1_v2d|prompt_version=v2d|metric=category_match|stratum_kind=language|stratum=zh-tw|family=exploratory_bh_strata_degraded,estimate_rest,0.971429,0.914286,
e5_strata.csv,exp_id=e1_v2d|prompt_version=v2d|metric=category_match|stratum_kind=language|stratum=zh-tw|family=exploratory_bh_strata_degraded,difference,-0.085714,-0.057143,
e5_strata.csv,exp_id=e1_v2d|prompt_version=v2d|metric=category_match|stratum_kind=language|stratum=zh-tw|family=exploratory_bh_strata_degraded,fisher_p,0.356478,0.709590,
e5_strata.csv,exp_id=e1_v2d|prompt_version=v2d|metric=category_match|stratum_kind=overall|stratum=all|family=descriptive,k,65,62,
e5_strata.csv,exp_id=e1_v2d|prompt_version=v2d|metric=category_match|stratum_kind=overall|stratum=all|family=descriptive,estimate,0.928571,0.885714,
e5_strata.csv,exp_id=e1_v2d|prompt_version=v2d|metric=category_match|stratum_kind=overall|stratum=all|family=descriptive,wilson_lo,0.843446,0.790358,
e5_strata.csv,exp_id=e1_v2d|prompt_version=v2d|metric=category_match|stratum_kind=overall|stratum=all|family=descriptive,wilson_hi,0.969106,0.940939,
e5_strata.csv,exp_id=e1_v2d|prompt_version=v2d|metric=category_match|stratum_kind=overall|stratum=all|family=descriptive,ci_width,0.125660,0.150581,
e5_logit.csv,model_id=m1_pooled_arms|term=category[account]|data=e0_noise:v1+e1_v2a:v2a+e1_v2b:v2b+e1_v2c:v2c+e1_v2d:v2d,coefficient,-0.772877,-0.047796,
e5_logit.csv,model_id=m1_pooled_arms|term=category[account]|data=e0_noise:v1+e1_v2a:v2a+e1_v2b:v2b+e1_v2c:v2c+e1_v2d:v2d,std_error,0.980420,1.049899,
e5_logit.csv,model_id=m1_pooled_arms|term=category[account]|data=e0_noise:v1+e1_v2a:v2a+e1_v2b:v2b+e1_v2c:v2c+e1_v2d:v2d,z,-0.788312,-0.045524,
e5_logit.csv,model_id=m1_pooled_arms|term=category[account]|data=e0_noise:v1+e1_v2a:v2a+e1_v2b:v2b+e1_v2c:v2c+e1_v2d:v2d,p_value,0.430514,0.963689,
e5_logit.csv,model_id=m1_pooled_arms|term=category[account]|data=e0_noise:v1+e1_v2a:v2a+e1_v2b:v2b+e1_v2c:v2c+e1_v2d:v2d,odds_ratio,0.461683,0.953328,
e5_logit.csv,model_id=m1_pooled_arms|term=category[account]|data=e0_noise:v1+e1_v2a:v2a+e1_v2b:v2b+e1_v2c:v2c+e1_v2d:v2d,or_ci_low,0.067579,0.121777,
e5_logit.csv,model_id=m1_pooled_arms|term=category[account]|data=e0_noise:v1+e1_v2a:v2a+e1_v2b:v2b+e1_v2c:v2c+e1_v2d:v2d,or_ci_high,3.154124,7.463078,
e5_logit.csv,model_id=m1_pooled_arms|term=category[general]|data=e0_noise:v1+e1_v2a:v2a+e1_v2b:v2b+e1_v2c:v2c+e1_v2d:v2d,coefficient,-2.100410,-1.451986,
e5_logit.csv,model_id=m1_pooled_arms|term=category[general]|data=e0_noise:v1+e1_v2a:v2a+e1_v2b:v2b+e1_v2c:v2c+e1_v2d:v2d,std_error,0.787087,1.021664,
e5_logit.csv,model_id=m1_pooled_arms|term=category[general]|data=e0_noise:v1+e1_v2a:v2a+e1_v2b:v2b+e1_v2c:v2c+e1_v2d:v2d,z,-2.668586,-1.421197,
e5_logit.csv,model_id=m1_pooled_arms|term=category[general]|data=e0_noise:v1+e1_v2a:v2a+e1_v2b:v2b+e1_v2c:v2c+e1_v2d:v2d,p_value,0.007617,0.155259,
e5_logit.csv,model_id=m1_pooled_arms|term=category[general]|data=e0_noise:v1+e1_v2a:v2a+e1_v2b:v2b+e1_v2c:v2c+e1_v2d:v2d,odds_ratio,0.122406,0.234105,
e5_logit.csv,model_id=m1_pooled_arms|term=category[general]|data=e0_noise:v1+e1_v2a:v2a+e1_v2b:v2b+e1_v2c:v2c+e1_v2d:v2d,or_ci_low,0.026172,0.031606,
e5_logit.csv,model_id=m1_pooled_arms|term=category[general]|data=e0_noise:v1+e1_v2a:v2a+e1_v2b:v2b+e1_v2c:v2c+e1_v2d:v2d,or_ci_high,0.572497,1.734014,
e5_logit.csv,model_id=m1_pooled_arms|term=category[technical]|data=e0_noise:v1+e1_v2a:v2a+e1_v2b:v2b+e1_v2c:v2c+e1_v2d:v2d,coefficient,0.009360,-0.384885,
e5_logit.csv,model_id=m1_pooled_arms|term=category[technical]|data=e0_noise:v1+e1_v2a:v2a+e1_v2b:v2b+e1_v2c:v2c+e1_v2d:v2d,std_error,1.309096,1.026684,
e5_logit.csv,model_id=m1_pooled_arms|term=category[technical]|data=e0_noise:v1+e1_v2a:v2a+e1_v2b:v2b+e1_v2c:v2c+e1_v2d:v2d,z,0.007150,-0.374882,
e5_logit.csv,model_id=m1_pooled_arms|term=category[technical]|data=e0_noise:v1+e1_v2a:v2a+e1_v2b:v2b+e1_v2c:v2c+e1_v2d:v2d,p_value,0.994295,0.707748,
e5_logit.csv,model_id=m1_pooled_arms|term=category[technical]|data=e0_noise:v1+e1_v2a:v2a+e1_v2b:v2b+e1_v2c:v2c+e1_v2d:v2d,odds_ratio,1.009404,0.680529,
e5_logit.csv,model_id=m1_pooled_arms|term=category[technical]|data=e0_noise:v1+e1_v2a:v2a+e1_v2b:v2b+e1_v2c:v2c+e1_v2d:v2d,or_ci_low,0.077582,0.090977,
e5_logit.csv,model_id=m1_pooled_arms|term=category[technical]|data=e0_noise:v1+e1_v2a:v2a+e1_v2b:v2b+e1_v2c:v2c+e1_v2d:v2d,or_ci_high,13.133160,5.090512,
e5_logit.csv,model_id=m1_pooled_arms|term=const|data=e0_noise:v1+e1_v2a:v2a+e1_v2b:v2b+e1_v2c:v2c+e1_v2d:v2d,coefficient,3.980819,3.118886,
e5_logit.csv,model_id=m1_pooled_arms|term=const|data=e0_noise:v1+e1_v2a:v2a+e1_v2b:v2b+e1_v2c:v2c+e1_v2d:v2d,std_error,0.981511,1.002104,
e5_logit.csv,model_id=m1_pooled_arms|term=const|data=e0_noise:v1+e1_v2a:v2a+e1_v2b:v2b+e1_v2c:v2c+e1_v2d:v2d,z,4.055806,3.112338,
e5_logit.csv,model_id=m1_pooled_arms|term=const|data=e0_noise:v1+e1_v2a:v2a+e1_v2b:v2b+e1_v2c:v2c+e1_v2d:v2d,p_value,0.000050,0.001856,
e5_logit.csv,model_id=m1_pooled_arms|term=const|data=e0_noise:v1+e1_v2a:v2a+e1_v2b:v2b+e1_v2c:v2c+e1_v2d:v2d,odds_ratio,53.560886,22.621159,
e5_logit.csv,model_id=m1_pooled_arms|term=const|data=e0_noise:v1+e1_v2a:v2a+e1_v2b:v2b+e1_v2c:v2c+e1_v2d:v2d,or_ci_low,7.823190,3.173383,
e5_logit.csv,model_id=m1_pooled_arms|term=const|data=e0_noise:v1+e1_v2a:v2a+e1_v2b:v2b+e1_v2c:v2c+e1_v2d:v2d,or_ci_high,366.700589,161.252772,
e5_logit.csv,model_id=m1_pooled_arms|term=difficulty[ambiguous]|data=e0_noise:v1+e1_v2a:v2a+e1_v2b:v2b+e1_v2c:v2c+e1_v2d:v2d,coefficient,-1.422351,-0.986038,
e5_logit.csv,model_id=m1_pooled_arms|term=difficulty[ambiguous]|data=e0_noise:v1+e1_v2a:v2a+e1_v2b:v2b+e1_v2c:v2c+e1_v2d:v2d,std_error,0.930469,0.843679,
e5_logit.csv,model_id=m1_pooled_arms|term=difficulty[ambiguous]|data=e0_noise:v1+e1_v2a:v2a+e1_v2b:v2b+e1_v2c:v2c+e1_v2d:v2d,z,-1.528638,-1.168735,
e5_logit.csv,model_id=m1_pooled_arms|term=difficulty[ambiguous]|data=e0_noise:v1+e1_v2a:v2a+e1_v2b:v2b+e1_v2c:v2c+e1_v2d:v2d,p_value,0.126354,0.242510,
e5_logit.csv,model_id=m1_pooled_arms|term=difficulty[ambiguous]|data=e0_noise:v1+e1_v2a:v2a+e1_v2b:v2b+e1_v2c:v2c+e1_v2d:v2d,odds_ratio,0.241146,0.373052,
e5_logit.csv,model_id=m1_pooled_arms|term=difficulty[ambiguous]|data=e0_noise:v1+e1_v2a:v2a+e1_v2b:v2b+e1_v2c:v2c+e1_v2d:v2d,or_ci_low,0.038928,0.071388,
e5_logit.csv,model_id=m1_pooled_arms|term=difficulty[ambiguous]|data=e0_noise:v1+e1_v2a:v2a+e1_v2b:v2b+e1_v2c:v2c+e1_v2d:v2d,or_ci_high,1.493819,1.949442,
e5_logit.csv,model_id=m1_pooled_arms|term=difficulty[edge]|data=e0_noise:v1+e1_v2a:v2a+e1_v2b:v2b+e1_v2c:v2c+e1_v2d:v2d,coefficient,-2.717743,-2.346571,
e5_logit.csv,model_id=m1_pooled_arms|term=difficulty[edge]|data=e0_noise:v1+e1_v2a:v2a+e1_v2b:v2b+e1_v2c:v2c+e1_v2d:v2d,std_error,0.680614,0.778222,
e5_logit.csv,model_id=m1_pooled_arms|term=difficulty[edge]|data=e0_noise:v1+e1_v2a:v2a+e1_v2b:v2b+e1_v2c:v2c+e1_v2d:v2d,z,-3.993074,-3.015296,
e5_logit.csv,model_id=m1_pooled_arms|term=difficulty[edge]|data=e0_noise:v1+e1_v2a:v2a+e1_v2b:v2b+e1_v2c:v2c+e1_v2d:v2d,p_value,0.000065,0.002567,
e5_logit.csv,model_id=m1_pooled_arms|term=difficulty[edge]|data=e0_noise:v1+e1_v2a:v2a+e1_v2b:v2b+e1_v2c:v2c+e1_v2d:v2d,odds_ratio,0.066024,0.095697,
e5_logit.csv,model_id=m1_pooled_arms|term=difficulty[edge]|data=e0_noise:v1+e1_v2a:v2a+e1_v2b:v2b+e1_v2c:v2c+e1_v2d:v2d,or_ci_low,0.017392,0.020820,
e5_logit.csv,model_id=m1_pooled_arms|term=difficulty[edge]|data=e0_noise:v1+e1_v2a:v2a+e1_v2b:v2b+e1_v2c:v2c+e1_v2d:v2d,or_ci_high,0.250633,0.439867,
e5_logit.csv,model_id=m1_pooled_arms|term=language[en]|data=e0_noise:v1+e1_v2a:v2a+e1_v2b:v2b+e1_v2c:v2c+e1_v2d:v2d,coefficient,0.078972,-0.297706,
e5_logit.csv,model_id=m1_pooled_arms|term=language[en]|data=e0_noise:v1+e1_v2a:v2a+e1_v2b:v2b+e1_v2c:v2c+e1_v2d:v2d,std_error,0.521190,0.592093,
e5_logit.csv,model_id=m1_pooled_arms|term=language[en]|data=e0_noise:v1+e1_v2a:v2a+e1_v2b:v2b+e1_v2c:v2c+e1_v2d:v2d,z,0.151523,-0.502802,
e5_logit.csv,model_id=m1_pooled_arms|term=language[en]|data=e0_noise:v1+e1_v2a:v2a+e1_v2b:v2b+e1_v2c:v2c+e1_v2d:v2d,p_value,0.879563,0.615103,
e5_logit.csv,model_id=m1_pooled_arms|term=language[en]|data=e0_noise:v1+e1_v2a:v2a+e1_v2b:v2b+e1_v2c:v2c+e1_v2d:v2d,odds_ratio,1.082174,0.742520,
e5_logit.csv,model_id=m1_pooled_arms|term=language[en]|data=e0_noise:v1+e1_v2a:v2a+e1_v2b:v2b+e1_v2c:v2c+e1_v2d:v2d,or_ci_low,0.389636,0.232658,
e5_logit.csv,model_id=m1_pooled_arms|term=language[en]|data=e0_noise:v1+e1_v2a:v2a+e1_v2b:v2b+e1_v2c:v2c+e1_v2d:v2d,or_ci_high,3.005627,2.369728,
e5_logit.csv,model_id=m1_pooled_arms|term=language[mixed]|data=e0_noise:v1+e1_v2a:v2a+e1_v2b:v2b+e1_v2c:v2c+e1_v2d:v2d,coefficient,1.321714,1.546354,
e5_logit.csv,model_id=m1_pooled_arms|term=language[mixed]|data=e0_noise:v1+e1_v2a:v2a+e1_v2b:v2b+e1_v2c:v2c+e1_v2d:v2d,std_error,0.831390,0.788672,
e5_logit.csv,model_id=m1_pooled_arms|term=language[mixed]|data=e0_noise:v1+e1_v2a:v2a+e1_v2b:v2b+e1_v2c:v2c+e1_v2d:v2d,z,1.589764,1.960708,
e5_logit.csv,model_id=m1_pooled_arms|term=language[mixed]|data=e0_noise:v1+e1_v2a:v2a+e1_v2b:v2b+e1_v2c:v2c+e1_v2d:v2d,p_value,0.111888,0.049913,
e5_logit.csv,model_id=m1_pooled_arms|term=language[mixed]|data=e0_noise:v1+e1_v2a:v2a+e1_v2b:v2b+e1_v2c:v2c+e1_v2d:v2d,odds_ratio,3.749843,4.694325,
e5_logit.csv,model_id=m1_pooled_arms|term=language[mixed]|data=e0_noise:v1+e1_v2a:v2a+e1_v2b:v2b+e1_v2c:v2c+e1_v2d:v2d,or_ci_low,0.735077,1.000587,
e5_logit.csv,model_id=m1_pooled_arms|term=language[mixed]|data=e0_noise:v1+e1_v2a:v2a+e1_v2b:v2b+e1_v2c:v2c+e1_v2d:v2d,or_ci_high,19.129044,22.023766,
e5_logit.csv,model_id=m3_pooled_plus_version_term|term=category[account]|data=e0_noise:v1+e1_v2a:v2a+e1_v2b:v2b+e1_v2c:v2c+e1_v2d:v2d,coefficient,-0.811026,-0.052153,
e5_logit.csv,model_id=m3_pooled_plus_version_term|term=category[account]|data=e0_noise:v1+e1_v2a:v2a+e1_v2b:v2b+e1_v2c:v2c+e1_v2d:v2d,std_error,1.049406,1.068651,
e5_logit.csv,model_id=m3_pooled_plus_version_term|term=category[account]|data=e0_noise:v1+e1_v2a:v2a+e1_v2b:v2b+e1_v2c:v2c+e1_v2d:v2d,z,-0.772843,-0.048803,
e5_logit.csv,model_id=m3_pooled_plus_version_term|term=category[account]|data=e0_noise:v1+e1_v2a:v2a+e1_v2b:v2b+e1_v2c:v2c+e1_v2d:v2d,p_value,0.439615,0.961076,
e5_logit.csv,model_id=m3_pooled_plus_version_term|term=category[account]|data=e0_noise:v1+e1_v2a:v2a+e1_v2b:v2b+e1_v2c:v2c+e1_v2d:v2d,odds_ratio,0.444402,0.949183,
e5_logit.csv,model_id=m3_pooled_plus_version_term|term=category[account]|data=e0_noise:v1+e1_v2a:v2a+e1_v2b:v2b+e1_v2c:v2c+e1_v2d:v2d,or_ci_low,0.056822,0.116873,
e5_logit.csv,model_id=m3_pooled_plus_version_term|term=category[account]|data=e0_noise:v1+e1_v2a:v2a+e1_v2b:v2b+e1_v2c:v2c+e1_v2d:v2d,or_ci_high,3.475614,7.708818,
e5_logit.csv,model_id=m3_pooled_plus_version_term|term=category[general]|data=e0_noise:v1+e1_v2a:v2a+e1_v2b:v2b+e1_v2c:v2c+e1_v2d:v2d,coefficient,-2.194888,-1.477789,
e5_logit.csv,model_id=m3_pooled_plus_version_term|term=category[general]|data=e0_noise:v1+e1_v2a:v2a+e1_v2b:v2b+e1_v2c:v2c+e1_v2d:v2d,std_error,0.873440,1.049006,
e5_logit.csv,model_id=m3_pooled_plus_version_term|term=category[general]|data=e0_noise:v1+e1_v2a:v2a+e1_v2b:v2b+e1_v2c:v2c+e1_v2d:v2d,z,-2.512925,-1.408751,
e5_logit.csv,model_id=m3_pooled_plus_version_term|term=category[general]|data=e0_noise:v1+e1_v2a:v2a+e1_v2b:v2b+e1_v2c:v2c+e1_v2d:v2d,p_value,0.011973,0.158909,
e5_logit.csv,model_id=m3_pooled_plus_version_term|term=category[general]|data=e0_noise:v1+e1_v2a:v2a+e1_v2b:v2b+e1_v2c:v2c+e1_v2d:v2d,odds_ratio,0.111371,0.228142,
e5_logit.csv,model_id=m3_pooled_plus_version_term|term=category[general]|data=e0_noise:v1+e1_v2a:v2a+e1_v2b:v2b+e1_v2c:v2c+e1_v2d:v2d,or_ci_low,0.020105,0.029194,
e5_logit.csv,model_id=m3_pooled_plus_version_term|term=category[general]|data=e0_noise:v1+e1_v2a:v2a+e1_v2b:v2b+e1_v2c:v2c+e1_v2d:v2d,or_ci_high,0.616943,1.782872,
e5_logit.csv,model_id=m3_pooled_plus_version_term|term=category[technical]|data=e0_noise:v1+e1_v2a:v2a+e1_v2b:v2b+e1_v2c:v2c+e1_v2d:v2d,coefficient,0.004982,-0.392065,
e5_logit.csv,model_id=m3_pooled_plus_version_term|term=category[technical]|data=e0_noise:v1+e1_v2a:v2a+e1_v2b:v2b+e1_v2c:v2c+e1_v2d:v2d,std_error,1.365410,1.046507,
e5_logit.csv,model_id=m3_pooled_plus_version_term|term=category[technical]|data=e0_noise:v1+e1_v2a:v2a+e1_v2b:v2b+e1_v2c:v2c+e1_v2d:v2d,z,0.003649,-0.374642,
e5_logit.csv,model_id=m3_pooled_plus_version_term|term=category[technical]|data=e0_noise:v1+e1_v2a:v2a+e1_v2b:v2b+e1_v2c:v2c+e1_v2d:v2d,p_value,0.997089,0.707927,
e5_logit.csv,model_id=m3_pooled_plus_version_term|term=category[technical]|data=e0_noise:v1+e1_v2a:v2a+e1_v2b:v2b+e1_v2c:v2c+e1_v2d:v2d,odds_ratio,1.004994,0.675660,
e5_logit.csv,model_id=m3_pooled_plus_version_term|term=category[technical]|data=e0_noise:v1+e1_v2a:v2a+e1_v2b:v2b+e1_v2c:v2c+e1_v2d:v2d,or_ci_low,0.069171,0.086884,
e5_logit.csv,model_id=m3_pooled_plus_version_term|term=category[technical]|data=e0_noise:v1+e1_v2a:v2a+e1_v2b:v2b+e1_v2c:v2c+e1_v2d:v2d,or_ci_high,14.601677,5.254325,
e5_logit.csv,model_id=m3_pooled_plus_version_term|term=const|data=e0_noise:v1+e1_v2a:v2a+e1_v2b:v2b+e1_v2c:v2c+e1_v2d:v2d,coefficient,4.382843,3.246078,
e5_logit.csv,model_id=m3_pooled_plus_version_term|term=const|data=e0_noise:v1+e1_v2a:v2a+e1_v2b:v2b+e1_v2c:v2c+e1_v2d:v2d,std_error,1.254860,1.089718,
e5_logit.csv,model_id=m3_pooled_plus_version_term|term=const|data=e0_noise:v1+e1_v2a:v2a+e1_v2b:v2b+e1_v2c:v2c+e1_v2d:v2d,z,3.492693,2.978824,
e5_logit.csv,model_id=m3_pooled_plus_version_term|term=const|data=e0_noise:v1+e1_v2a:v2a+e1_v2b:v2b+e1_v2c:v2c+e1_v2d:v2d,p_value,0.000478,0.002894,
e5_logit.csv,model_id=m3_pooled_plus_version_term|term=const|data=e0_noise:v1+e1_v2a:v2a+e1_v2b:v2b+e1_v2c:v2c+e1_v2d:v2d,odds_ratio,80.065309,25.689391,
e5_logit.csv,model_id=m3_pooled_plus_version_term|term=const|data=e0_noise:v1+e1_v2a:v2a+e1_v2b:v2b+e1_v2c:v2c+e1_v2d:v2d,or_ci_low,6.843925,3.035177,
e5_logit.csv,model_id=m3_pooled_plus_version_term|term=const|data=e0_noise:v1+e1_v2a:v2a+e1_v2b:v2b+e1_v2c:v2c+e1_v2d:v2d,or_ci_high,936.663375,217.432058,
e5_logit.csv,model_id=m3_pooled_plus_version_term|term=difficulty[ambiguous]|data=e0_noise:v1+e1_v2a:v2a+e1_v2b:v2b+e1_v2c:v2c+e1_v2d:v2d,coefficient,-1.478040,-1.001112,
e5_logit.csv,model_id=m3_pooled_plus_version_term|term=difficulty[ambiguous]|data=e0_noise:v1+e1_v2a:v2a+e1_v2b:v2b+e1_v2c:v2c+e1_v2d:v2d,std_error,0.971816,0.860006,
e5_logit.csv,model_id=m3_pooled_plus_version_term|term=difficulty[ambiguous]|data=e0_noise:v1+e1_v2a:v2a+e1_v2b:v2b+e1_v2c:v2c+e1_v2d:v2d,z,-1.520905,-1.164075,
e5_logit.csv,model_id=m3_pooled_plus_version_term|term=difficulty[ambiguous]|data=e0_noise:v1+e1_v2a:v2a+e1_v2b:v2b+e1_v2c:v2c+e1_v2d:v2d,p_value,0.128284,0.244394,
e5_logit.csv,model_id=m3_pooled_plus_version_term|term=difficulty[ambiguous]|data=e0_noise:v1+e1_v2a:v2a+e1_v2b:v2b+e1_v2c:v2c+e1_v2d:v2d,odds_ratio,0.228084,0.367471,
e5_logit.csv,model_id=m3_pooled_plus_version_term|term=difficulty[ambiguous]|data=e0_noise:v1+e1_v2a:v2a+e1_v2b:v2b+e1_v2c:v2c+e1_v2d:v2d,or_ci_low,0.033953,0.068106,
e5_logit.csv,model_id=m3_pooled_plus_version_term|term=difficulty[ambiguous]|data=e0_noise:v1+e1_v2a:v2a+e1_v2b:v2b+e1_v2c:v2c+e1_v2d:v2d,or_ci_high,1.532169,1.982720,
e5_logit.csv,model_id=m3_pooled_plus_version_term|term=difficulty[edge]|data=e0_noise:v1+e1_v2a:v2a+e1_v2b:v2b+e1_v2c:v2c+e1_v2d:v2d,coefficient,-2.865490,-2.393108,
e5_logit.csv,model_id=m3_pooled_plus_version_term|term=difficulty[edge]|data=e0_noise:v1+e1_v2a:v2a+e1_v2b:v2b+e1_v2c:v2c+e1_v2d:v2d,std_error,0.767260,0.810189,
e5_logit.csv,model_id=m3_pooled_plus_version_term|term=difficulty[edge]|data=e0_noise:v1+e1_v2a:v2a+e1_v2b:v2b+e1_v2c:v2c+e1_v2d:v2d,z,-3.734705,-2.953767,
e5_logit.csv,model_id=m3_pooled_plus_version_term|term=difficulty[edge]|data=e0_noise:v1+e1_v2a:v2a+e1_v2b:v2b+e1_v2c:v2c+e1_v2d:v2d,p_value,0.000188,0.003139,
e5_logit.csv,model_id=m3_pooled_plus_version_term|term=difficulty[edge]|data=e0_noise:v1+e1_v2a:v2a+e1_v2b:v2b+e1_v2c:v2c+e1_v2d:v2d,odds_ratio,0.056955,0.091345,
e5_logit.csv,model_id=m3_pooled_plus_version_term|term=difficulty[edge]|data=e0_noise:v1+e1_v2a:v2a+e1_v2b:v2b+e1_v2c:v2c+e1_v2d:v2d,or_ci_low,0.012660,0.018666,
e5_logit.csv,model_id=m3_pooled_plus_version_term|term=difficulty[edge]|data=e0_noise:v1+e1_v2a:v2a+e1_v2b:v2b+e1_v2c:v2c+e1_v2d:v2d,or_ci_high,0.256228,0.447013,
e5_logit.csv,model_id=m3_pooled_plus_version_term|term=language[en]|data=e0_noise:v1+e1_v2a:v2a+e1_v2b:v2b+e1_v2c:v2c+e1_v2d:v2d,coefficient,0.076511,-0.303449,
e5_logit.csv,model_id=m3_pooled_plus_version_term|term=language[en]|data=e0_noise:v1+e1_v2a:v2a+e1_v2b:v2b+e1_v2c:v2c+e1_v2d:v2d,std_error,0.544472,0.602269,
e5_logit.csv,model_id=m3_pooled_plus_version_term|term=language[en]|data=e0_noise:v1+e1_v2a:v2a+e1_v2b:v2b+e1_v2c:v2c+e1_v2d:v2d,z,0.140523,-0.503843,
e5_logit.csv,model_id=m3_pooled_plus_version_term|term=language[en]|data=e0_noise:v1+e1_v2a:v2a+e1_v2b:v2b+e1_v2c:v2c+e1_v2d:v2d,p_value,0.888247,0.614371,
e5_logit.csv,model_id=m3_pooled_plus_version_term|term=language[en]|data=e0_noise:v1+e1_v2a:v2a+e1_v2b:v2b+e1_v2c:v2c+e1_v2d:v2d,odds_ratio,1.079514,0.738267,
e5_logit.csv,model_id=m3_pooled_plus_version_term|term=language[en]|data=e0_noise:v1+e1_v2a:v2a+e1_v2b:v2b+e1_v2c:v2c+e1_v2d:v2d,or_ci_low,0.371341,0.226758,
e5_logit.csv,model_id=m3_pooled_plus_version_term|term=language[en]|data=e0_noise:v1+e1_v2a:v2a+e1_v2b:v2b+e1_v2c:v2c+e1_v2d:v2d,or_ci_high,3.138224,2.403620,
e5_logit.csv,model_id=m3_pooled_plus_version_term|term=language[mixed]|data=e0_noise:v1+e1_v2a:v2a+e1_v2b:v2b+e1_v2c:v2c+e1_v2d:v2d,coefficient,1.378849,1.569376,
e5_logit.csv,model_id=m3_pooled_plus_version_term|term=language[mixed]|data=e0_noise:v1+e1_v2a:v2a+e1_v2b:v2b+e1_v2c:v2c+e1_v2d:v2d,std_error,0.849898,0.795781,
e5_logit.csv,model_id=m3_pooled_plus_version_term|term=language[mixed]|data=e0_noise:v1+e1_v2a:v2a+e1_v2b:v2b+e1_v2c:v2c+e1_v2d:v2d,z,1.622370,1.972121,
e5_logit.csv,model_id=m3_pooled_plus_version_term|term=language[mixed]|data=e0_noise:v1+e1_v2a:v2a+e1_v2b:v2b+e1_v2c:v2c+e1_v2d:v2d,p_value,0.104724,0.048596,
e5_logit.csv,model_id=m3_pooled_plus_version_term|term=language[mixed]|data=e0_noise:v1+e1_v2a:v2a+e1_v2b:v2b+e1_v2c:v2c+e1_v2d:v2d,odds_ratio,3.970327,4.803651,
e5_logit.csv,model_id=m3_pooled_plus_version_term|term=language[mixed]|data=e0_noise:v1+e1_v2a:v2a+e1_v2b:v2b+e1_v2c:v2c+e1_v2d:v2d,or_ci_low,0.750572,1.009722,
e5_logit.csv,model_id=m3_pooled_plus_version_term|term=language[mixed]|data=e0_noise:v1+e1_v2a:v2a+e1_v2b:v2b+e1_v2c:v2c+e1_v2d:v2d,or_ci_high,21.001994,22.852900,
e5_logit.csv,model_id=m3_pooled_plus_version_term|term=prompt_version[v2a]|data=e0_noise:v1+e1_v2a:v2a+e1_v2b:v2b+e1_v2c:v2c+e1_v2d:v2d,coefficient,-0.000000,0.000000,
e5_logit.csv,model_id=m3_pooled_plus_version_term|term=prompt_version[v2a]|data=e0_noise:v1+e1_v2a:v2a+e1_v2b:v2b+e1_v2c:v2c+e1_v2d:v2d,std_error,0.321599,0.197975,
e5_logit.csv,model_id=m3_pooled_plus_version_term|term=prompt_version[v2a]|data=e0_noise:v1+e1_v2a:v2a+e1_v2b:v2b+e1_v2c:v2c+e1_v2d:v2d,z,-0.000000,0.000000,
e5_logit.csv,model_id=m3_pooled_plus_version_term|term=prompt_version[v2a]|data=e0_noise:v1+e1_v2a:v2a+e1_v2b:v2b+e1_v2c:v2c+e1_v2d:v2d,or_ci_low,0.532420,0.678397,
e5_logit.csv,model_id=m3_pooled_plus_version_term|term=prompt_version[v2a]|data=e0_noise:v1+e1_v2a:v2a+e1_v2b:v2b+e1_v2c:v2c+e1_v2d:v2d,or_ci_high,1.878216,1.474064,
e5_logit.csv,model_id=m3_pooled_plus_version_term|term=prompt_version[v2b]|data=e0_noise:v1+e1_v2a:v2a+e1_v2b:v2b+e1_v2c:v2c+e1_v2d:v2d,coefficient,0.086974,0.284086,
e5_logit.csv,model_id=m3_pooled_plus_version_term|term=prompt_version[v2b]|data=e0_noise:v1+e1_v2a:v2a+e1_v2b:v2b+e1_v2c:v2c+e1_v2d:v2d,std_error,0.308604,0.186619,
e5_logit.csv,model_id=m3_pooled_plus_version_term|term=prompt_version[v2b]|data=e0_noise:v1+e1_v2a:v2a+e1_v2b:v2b+e1_v2c:v2c+e1_v2d:v2d,z,0.281829,1.522276,
e5_logit.csv,model_id=m3_pooled_plus_version_term|term=prompt_version[v2b]|data=e0_noise:v1+e1_v2a:v2a+e1_v2b:v2b+e1_v2c:v2c+e1_v2d:v2d,p_value,0.778074,0.127940,
e5_logit.csv,model_id=m3_pooled_plus_version_term|term=prompt_version[v2b]|data=e0_noise:v1+e1_v2a:v2a+e1_v2b:v2b+e1_v2c:v2c+e1_v2d:v2d,odds_ratio,1.090868,1.328547,
e5_logit.csv,model_id=m3_pooled_plus_version_term|term=prompt_version[v2b]|data=e0_noise:v1+e1_v2a:v2a+e1_v2b:v2b+e1_v2c:v2c+e1_v2d:v2d,or_ci_low,0.595783,0.921566,
e5_logit.csv,model_id=m3_pooled_plus_version_term|term=prompt_version[v2b]|data=e0_noise:v1+e1_v2a:v2a+e1_v2b:v2b+e1_v2c:v2c+e1_v2d:v2d,or_ci_high,1.997360,1.915257,
e5_logit.csv,model_id=m3_pooled_plus_version_term|term=prompt_version[v2c]|data=e0_noise:v1+e1_v2a:v2a+e1_v2b:v2b+e1_v2c:v2c+e1_v2d:v2d,coefficient,-1.332688,-0.723835,
e5_logit.csv,model_id=m3_pooled_plus_version_term|term=prompt_version[v2c]|data=e0_noise:v1+e1_v2a:v2a+e1_v2b:v2b+e1_v2c:v2c+e1_v2d:v2d,std_error,0.645342,0.454112,
e5_logit.csv,model_id=m3_pooled_plus_version_term|term=prompt_version[v2c]|data=e0_noise:v1+e1_v2a:v2a+e1_v2b:v2b+e1_v2c:v2c+e1_v2d:v2d,z,-2.065090,-1.593959,
e5_logit.csv,model_id=m3_pooled_plus_version_term|term=prompt_version[v2c]|data=e0_noise:v1+e1_v2a:v2a+e1_v2b:v2b+e1_v2c:v2c+e1_v2d:v2d,p_value,0.038915,0.110945,
e5_logit.csv,model_id=m3_pooled_plus_version_term|term=prompt_version[v2c]|data=e0_noise:v1+e1_v2a:v2a+e1_v2b:v2b+e1_v2c:v2c+e1_v2d:v2d,odds_ratio,0.263767,0.484889,
e5_logit.csv,model_id=m3_pooled_plus_version_term|term=prompt_version[v2c]|data=e0_noise:v1+e1_v2a:v2a+e1_v2b:v2b+e1_v2c:v2c+e1_v2d:v2d,or_ci_low,0.074457,0.199114,
e5_logit.csv,model_id=m3_pooled_plus_version_term|term=prompt_version[v2c]|data=e0_noise:v1+e1_v2a:v2a+e1_v2b:v2b+e1_v2c:v2c+e1_v2d:v2d,or_ci_high,0.934408,1.180818,
e5_logit.csv,model_id=m3_pooled_plus_version_term|term=prompt_version[v2d]|data=e0_noise:v1+e1_v2a:v2a+e1_v2b:v2b+e1_v2c:v2c+e1_v2d:v2d,coefficient,0.086974,0.053104,
e5_logit.csv,model_id=m3_pooled_plus_version_term|term=prompt_version[v2d]|data=e0_noise:v1+e1_v2a:v2a+e1_v2b:v2b+e1_v2c:v2c+e1_v2d:v2d,std_error,0.197209,0.120460,
e5_logit.csv,model_id=m3_pooled_plus_version_term|term=prompt_version[v2d]|data=e0_noise:v1+e1_v2a:v2a+e1_v2b:v2b+e1_v2c:v2c+e1_v2d:v2d,z,0.441021,0.440844,
e5_logit.csv,model_id=m3_pooled_plus_version_term|term=prompt_version[v2d]|data=e0_noise:v1+e1_v2a:v2a+e1_v2b:v2b+e1_v2c:v2c+e1_v2d:v2d,p_value,0.659197,0.659326,
e5_logit.csv,model_id=m3_pooled_plus_version_term|term=prompt_version[v2d]|data=e0_noise:v1+e1_v2a:v2a+e1_v2b:v2b+e1_v2c:v2c+e1_v2d:v2d,odds_ratio,1.090868,1.054539,
e5_logit.csv,model_id=m3_pooled_plus_version_term|term=prompt_version[v2d]|data=e0_noise:v1+e1_v2a:v2a+e1_v2b:v2b+e1_v2c:v2c+e1_v2d:v2d,or_ci_low,0.741152,0.832774,
e5_logit.csv,model_id=m3_pooled_plus_version_term|term=prompt_version[v2d]|data=e0_noise:v1+e1_v2a:v2a+e1_v2b:v2b+e1_v2c:v2c+e1_v2d:v2d,or_ci_high,1.605599,1.335361,
